Zip code,Latitude,Longitude,Number of Level 2 chargers
48750,44.644792,-83.349745,5
48737,44.6829768,-83.6115157,1
49701,46.46577744,-86.96070529,10
49735,44.94815445,-84.8696308,5
48763,44.10597165,-83.57682735,2
49630,46.74705003,-88.42774132,9
49630,46.53570184,-88.18713144,12
48631,43.59540565,-83.89022073,6
48631,43.6251328,-83.8936693,1
48631,43.598337,-83.8809171,1
48631,43.58533925,-83.86077145,3
48631,43.58648638,-83.91622335,5
48631,43.5580949,-83.8929872,1
48631,43.8561393,-83.9655444,1
48631,43.6611513,-83.9493185,1
48611,43.5987377,-84.0881438,1
48631,43.71714305,-83.9711028,3
48631,43.6270606,-83.7795142,1
49630,44.63202887,-86.23647499,8
49630,44.55893057,-86.2107612,4
49630,44.521759,-86.0775452,1
49630,44.60820905,-86.1859358,2
49685,44.53513126,-85.99029078,5
49406,42.10192785,-86.48896615,2
49406,42.0844192,-86.48289475,2
49406,42.103296,-86.434591,1
49406,42.074589,-86.4795121,1
49406,42.00267568,-86.5315109,5
49009,42.0420905,-86.4343166,1
49009,41.92952435,-86.571841,2
49009,41.8329974,-86.3357062,1
49009,41.83428557,-86.41891673,4
49009,41.8059148,-86.2666859,1
49009,41.81265283,-86.2475365,4
49009,41.8497632,-86.29975705,2
49080,42.32161645,-85.1851112,1
49080,42.3695564,-85.1460189,1
49080,42.2971161,-85.2225687,1
49009,42.1712906,-85.2638424,1
49009,41.98785757,-85.91152957,21
49009,41.94314939,-85.80957453,9
49009,41.8267727,-86.197242,1
49770,45.29386843,-85.0766989,4
49701,45.7230187,-84.6095215,10
49721,45.7159209,-84.58634493,4
49721,45.50887374,-84.4141571,7
49749,45.36848577,-84.62830607,4
49749,45.370837,-84.5302339,1
49749,45.2734737,-84.5994186,2
49749,45.235389,-84.5599235,1
49701,46.65556834,-85.05423052,37
49701,46.3326486,-85.1389578,1
49701,46.3971614,-84.6039551,1
49701,46.1998562,-85.0170143,7
49701,46.10949103,-84.0802589,4
48629,44.15414427,-84.86734053,4
48617,44.02082675,-85.0084974,2
48617,43.94338898,-85.00555604,13
48629,44.09946747,-84.77569947,4
48629,44.1360817,-84.661171,1
48617,43.9219812,-84.7479074,1
48823,43.0021297,-84.5582917,1
48823,43.0159093,-84.5590509,1
48823,42.9966393,-84.5562469,1
49738,44.65333786,-84.7840088,6
49630,45.7870467,-87.07615025,9
49630,45.9417076,-87.0529861,1
49630,45.9336726,-87.2108536,4
49630,45.9758987,-87.1050568,6
49630,45.8300018,-86.9020004,1
49630,45.9046173,-86.6398926,1
49630,45.83924435,-86.6638427,3
49630,46.21302703,-88.0238061,4
49630,46.00515493,-88.0426865,4
49630,46.0294726,-87.85512345,3
49630,45.9738951,-87.7130657,3
48837,42.5508048,-84.8535831,1
48837,42.5506747,-84.82449627,4
48837,42.7533408,-84.6383068,1
48837,42.4464947,-84.9454688,1
49770,45.3819027,-84.94154627,3
49701,45.64003925,-85.03797756,12
49701,45.69676078,-84.76210445,6
49701,45.57100162,-85.099996,7
49701,45.574392,-84.7829177,1
49749,45.507679,-84.7605286,7
48502,43.0747609,-83.66990535,2
48502,43.0050666,-83.7070416,1
48502,43.00143455,-83.653981,2
48502,43.1147106,-83.6950756,1
48502,43.0135655,-83.5141376,1
48502,43.0086354,-83.6336884,1
48507,42.98054563,-83.65279447,4
48507,42.97280405,-83.7212372,2
48507,42.9573397,-83.8324716,1
48507,42.7987752,-83.7129542,1
48507,42.805832,-83.883056,1
48629,44.10578225,-84.58856535,6
48661,44.10774566,-84.32435616,19
48661,44.1131172,-84.25934853,4
48661,44.05622533,-84.35225336,10
48657,43.8698784,-84.2090209,1
49630,46.46298148,-90.15289676,7
49630,46.46343257,-90.17704239,13
49630,46.5474205,-89.7758408,1
49685,44.76317498,-85.59989645,8
49685,44.74647085,-85.53768513,43
49685,44.63620503,-85.39418878,5
48801,43.263051,-84.4402715,1
48811,43.1491357,-84.817586,1
49630,47.1711044,-88.6449509,1
49630,46.87403189,-88.86689315,18
49630,46.49262333,-88.92379713,4
49630,46.7454424,-88.708004,6
48631,43.7296093,-83.1492994,1
48763,43.8345661,-82.648067,4
48842,42.6821858,-84.538744,1
48823,42.7285774,-84.4608949,1
48823,42.7209701,-84.4982658,1
48823,42.6588202,-84.352297,1
49202,42.4509231,-84.3116683,2
48846,42.7780991,-85.13560625,2
48750,44.36978293,-83.33448234,19
49630,46.34530387,-88.58129627,4
49630,46.06292535,-88.21193848,6
49630,46.16398495,-88.19075045,3
49202,42.1165329,-84.69445,1
49202,42.07652952,-84.25581503,14
49202,42.1160804,-84.4425845,1
49202,42.1736365,-84.2776121,6
49009,42.29346637,-85.60007653,3
49009,42.2723884,-85.5898168,1
49009,42.26050005,-85.53166285,7
49080,42.3952014,-85.631371,1
49009,42.2379156,-85.59452163,3
49009,42.1219266,-85.4903853,1
49646,44.80528174,-85.11784232,6
49646,44.6987343,-84.8545532,1
49505,43.02216647,-85.63405965,9
49505,42.9947764,-85.6752562,1
49505,42.9957488,-85.6886579,1
49505,42.9879757,-85.712549,1
49505,42.97507445,-85.6833152,1
49505,43.12075633,-85.5549277,4
48838,43.13931,-85.36872763,6
49418,42.91462651,-85.66996124,13
49701,47.46751097,-87.89156854,15
49701,47.25003525,-88.143013,6
49677,43.89994045,-85.79631925,5
49677,43.88010762,-85.78361098,6
49454,43.9310633,-86.03619925,2
49454,43.8963814,-85.9614563,2
49689,44.1396611,-85.8604601,2
49689,43.9896361,-86.0163278,1
49689,44.02623724,-85.84305132,6
49630,44.90402888,-85.84656145,6
48872,42.59660793,-83.9348754,3
48872,42.6103616,-83.9397711,1
48872,42.65527485,-84.082744,2
49701,46.34644062,-85.50741178,17
49701,46.63735513,-85.56095432,23
49701,46.0948008,-85.77198838,9
49701,46.06372193,-85.0515062,6
49701,46.09280215,-85.28192173,5
49701,46.15092968,-85.07751135,6
49701,46.00416198,-84.90704834,17
49701,45.9944086,-84.53077125,6
48502,42.8063317,-83.01758155,2
48502,42.8952479,-82.7692019,1
49660,44.2764816,-86.0617828,1
49660,44.50376543,-86.23311393,5
49668,44.49664906,-85.96898324,10
49689,44.2750833,-85.98113386,6
49630,46.4754028,-87.96100425,5
49630,46.82262883,-87.707188,10
49630,46.5278165,-88.0259737,4
49630,46.64460243,-87.79027303,4
49630,46.41469012,-88.03927818,16
49630,46.472723,-87.5970459,2
49630,46.4114787,-87.28151957,4
49630,46.0814819,-87.49988175,2
49431,43.95551774,-86.4425295,4
49660,44.0848808,-86.3910217,4
49660,44.13705635,-86.11066055,2
49454,44.04264395,-86.12243225,8
49454,43.83322068,-86.08049012,7
49307,43.80178577,-85.15809377,4
49630,45.46194884,-87.3202291,12
49630,45.5034294,-87.4390335,3
49630,45.2489714,-87.53037,2
48657,43.8118126,-84.3715842,1
48611,43.7200376,-84.200724,1
48657,43.6107597,-84.4564133,1
48657,43.5304669,-84.4485863,1
49651,44.472229,-84.97110365,2
48629,44.26148985,-84.8942337,2
49267,41.9169779,-83.39609125,2
49267,41.926464,-83.364944,1
49267,41.9021884,-83.3599049,1
49267,41.87405426,-83.39308787,10
49267,41.74067288,-83.54159692,7
48811,43.1773002,-84.8449508,1
49444,43.23549507,-86.25589787,1
49444,43.25584115,-86.247087,2
49444,43.2230021,-86.2279592,1
49444,43.226055,-86.2749194,1
49444,43.2223101,-86.31150125,2
49461,43.37981735,-86.42182578,5
49461,43.39782646,-86.34935289,6
49461,43.40944827,-86.31455138,8
49461,43.3541016,-86.413601,1
49461,43.2754268,-86.35877795,8
49444,43.2800428,-86.2623452,1
49444,43.2726795,-86.259122,1
49444,43.2603464,-86.1108181,1
49677,43.78830333,-85.8359592,4
49454,43.6446915,-85.9698257,1
49307,43.70718823,-85.8453598,5
49307,43.6918662,-85.6278016,1
49307,43.592568,-85.6440045,2
48507,42.636753,-83.278683,1
48507,42.79047267,-83.62507563,4
48507,42.6304071,-83.6060108,1
49461,43.5671368,-86.4888802,2
49431,43.67186307,-86.48026665,35
49461,43.57076397,-86.0941759,4
49461,43.509519,-86.0854602,2
48661,44.50840713,-84.12568747,4
48661,44.4005043,-84.2814333,1
49630,46.86370012,-89.34692572,21
49630,46.81801841,-89.59649231,27
49630,46.57082997,-89.60839215,17
49630,46.7605121,-89.080783,1
49630,46.7331696,-89.1801224,4
49630,46.56099895,-89.1769829,3
49630,46.55064395,-89.29416275,3
49630,46.4304652,-89.17091331,10
49630,46.4871709,-88.9507753,1
49601,44.1020255,-85.52118307,4
49677,43.95521515,-85.36720165,2
48737,44.79732443,-84.0291119,4
49738,44.74935852,-84.29543197,8
49735,45.114212,-84.595192,2
49735,44.98044333,-84.52526603,4
49453,42.77606675,-86.10712345,2
49456,43.11800513,-86.25136313,4
49456,43.083239,-86.234923,1
49428,42.895154,-85.941829,1
49453,42.76807665,-86.1771564,2
49779,45.4457226,-84.217605,1
49779,45.4511585,-84.107504,1
49779,45.3020428,-83.9889239,1
49779,45.3160315,-83.5662563,1
48629,44.47597866,-84.76425974,6
48629,44.36734198,-84.7924192,11
48602,43.4370568,-83.9881078,1
48602,43.41539215,-84.07691035,2
48602,43.4796585,-83.9430369,1
48602,43.4176763,-83.8942644,1
48602,43.2808446,-84.1515723,1
48602,43.3360037,-83.9531935,1
48722,43.3813936,-83.89756675,3
48867,43.1856689,-84.1189499,1
49701,46.2621276,-86.44208808,7
49701,46.47661487,-85.95659927,4
49701,46.24843617,-85.92145352,26
49701,46.03571931,-85.95335102,16
48867,42.9971233,-84.1682482,1
48502,43.00275635,-82.4405773,2
48502,43.0824155,-82.4734781,1
48502,43.133125,-82.7983962,3
48502,43.13216664,-82.4938577,7
48502,42.989111,-82.766031,1
48502,42.6884475,-82.70451655,5
48502,42.6157611,-82.5334261,1
48502,42.72262988,-82.4919454,5
48502,42.6665906,-82.5149342,1
49009,42.21688753,-85.89278228,16
49009,42.2147885,-85.9199132,1
49221,42.2630997,-83.7558899,1
49221,42.2670487,-83.6895568,1
49221,42.2586124,-83.71221265,3
49221,42.2542945,-83.6870893,1
49202,42.3779203,-84.0663235,2
49221,42.1599753,-84.0203784,1
49221,42.2418224,-83.6003214,1
49267,42.09583605,-83.6769442,2
48507,42.4310609,-83.0392056,1
49267,42.2911056,-83.3206294,1
49267,42.3508542,-83.1860198,1
49668,44.4200592,-85.6793213,1
49651,44.4793674,-85.43792195,2
49689,44.23642578,-85.73423788,7
49601,44.2384114,-85.5840298,1
48750,44.52868097,-83.3143913,4
49701,46.41845321,-86.6086644,24
49701,46.43816682,-86.68876188,20
49701,46.4022774,-86.64915545,16
49701,46.52709642,-86.1702353,9
49701,46.64238617,-85.96351439,42
49701,46.4627419,-86.416481,1
49701,46.40997363,-86.47707637,4
49701,46.35798701,-86.60459475,12
49630,46.34806615,-86.94796155,2
49701,46.41469219,-86.84773962,35
49701,46.27249212,-86.71286056,32
49080,42.5299317,-85.8530741,1
49453,42.5682834,-85.9114815,2
49080,42.5320513,-85.87727415,2
49406,42.469244,-85.967259,1
49009,42.4446525,-85.8707427,1
49453,42.65728167,-86.19763518,16
49406,42.64037924,-86.21517333,14
49406,42.61440508,-86.15896912,7
49453,42.67818266,-86.1793875,40
49453,42.72714045,-86.20555115,8
49453,42.68919965,-86.15053528,5
49453,42.7695186,-86.1066559,1
49453,42.75662395,-86.06820143,3
49348,42.68947973,-85.82241247,4
49453,42.6500092,-86.1057434,1
49348,42.6454322,-85.767469,1
49348,42.7213556,-85.7433887,1
49080,42.527684,-85.6891449,1
49348,42.5822518,-85.6644195,3
49453,42.58960915,-86.1154699,5
49406,42.56395695,-86.20258305,5
49406,42.50949645,-86.23626359,11
49406,42.46046966,-86.2362343,9
49406,42.4340545,-86.175979,1
49406,42.47120203,-86.10990153,5
49080,42.44894415,-85.6564156,2
49080,42.4934956,-85.5418031,1
49779,45.0643074,-83.4338095,1
49779,45.0886535,-83.4580459,1
49779,45.0609296,-83.47757525,2
49779,45.0817392,-83.4535708,1
49779,45.04883077,-83.44660087,4
49779,45.2122687,-83.4660971,1
49779,45.062705,-83.4824488,1
48737,44.94352485,-83.4421589,2
49779,45.1154573,-83.5598744,2
48737,44.8175955,-83.6048506,1
49646,44.902831,-85.0355366,7
49646,44.9319725,-85.0488586,1
49629,45.06936058,-85.25939006,6
49629,45.10741536,-85.35791774,6
49629,45.18506125,-85.3666453,2
49629,45.0847397,-85.1960335,2
49629,44.8899738,-85.41635343,7
49629,44.90828884,-85.39625258,7
49629,44.85642329,-85.31669361,11
49629,44.9398727,-85.2284851,1
49629,44.98512332,-85.20929463,8
49629,44.95633949,-85.15241554,11
49629,44.92797184,-85.25214386,11
49629,44.8801036,-85.27533735,2
49629,44.94138342,-85.16951564,13
48631,43.98750045,-83.95904525,2
48631,43.9477057,-83.9276634,1
48661,44.0736188,-84.0195827,1
48661,44.0833564,-84.037969,2
48763,44.0399704,-83.9289474,1
49630,46.7319946,-88.3423843,1
49630,46.86480443,-88.23153574,10
49630,46.77520098,-88.50199885,6
49630,46.75211235,-88.6757813,6
49348,42.647685,-85.3120002,1
49348,42.6774974,-85.3829212,1
49348,42.7001138,-85.2802471,1
49348,42.616866,-85.2134616,1
49080,42.5532417,-85.3737106,1
49080,42.4958645,-85.4253553,1
49348,42.6419991,-85.5032359,1
49348,42.6169612,-85.44855785,2
49348,42.6153315,-85.52909128,6
49348,42.767634,-85.462663,1
49080,42.5523435,-85.5193402,1
49080,42.49488395,-85.52402115,8
48631,43.9251118,-84.1961598,1
48631,43.80179405,-83.932682,3
48631,43.6259932,-83.93932673,4
48631,43.5571872,-83.9557529,1
48602,43.55706,-83.948916,1
49630,44.67803935,-86.2500469,2
49630,44.6421852,-86.1990331,4
49630,44.70384115,-86.06212175,2
49630,44.69589953,-86.17879673,4
49630,44.67850538,-86.07515555,21
49630,44.61182468,-86.09476331,22
49630,44.6654042,-86.02119934,10
49685,44.659295,-85.9565791,1
49685,44.74136297,-85.85711067,4
49685,44.6075554,-85.9054337,1
49406,42.0809314,-86.5023693,1
49406,42.1167131,-86.4541589,1
49406,42.08123574,-86.41733581,14
49406,42.07224805,-86.43163833,7
49406,42.1869217,-86.3726747,1
49406,42.2180292,-86.36142868,7
49009,42.17931755,-86.25815035,2
49009,42.2095126,-86.2387152,2
49406,42.20908204,-86.280858,15
49009,42.09783423,-86.2264481,4
49406,42.03357896,-86.5169485,12
49009,41.9299736,-86.2994385,2
49009,41.96173443,-86.4891547,4
49009,42.07174323,-85.92274327,4
49009,41.79034547,-86.75910533,3
49009,41.79595248,-86.74277256,6
49009,41.77816913,-86.73245618,5
49009,41.81809467,-86.6896248,23
49406,41.7672735,-86.80013742,8
49009,41.8393883,-86.65603036,13
49009,41.88793459,-86.61019367,22
49009,41.80117016,-86.6106293,5
49009,41.799983,-86.6630221,1
49009,41.7872408,-86.3028161,1
49009,41.77836585,-86.25097715,3
49202,41.9324798,-85.0309219,1
49202,41.9586648,-85.0009431,1
49202,41.93770948,-84.97226335,5
49202,41.938591,-84.9918746,1
49202,41.93969567,-84.97911853,4
49009,42.0710265,-85.1359171,1
49009,42.0743345,-85.1383285,1
49202,41.9973073,-85.0248051,1
49202,41.91261325,-84.8983071,2
49202,41.8759868,-84.9353737,1
49202,41.838983,-84.97833035,2
49080,42.3893572,-85.2657409,1
49080,42.4152332,-85.1986436,1
49080,42.4140724,-85.0766723,1
49080,42.26130569,-85.19805255,19
49080,42.26673423,-85.1716457,1
49080,42.3108673,-85.1275177,1
49080,42.2701018,-85.0059465,1
48837,42.3448105,-84.9978516,1
49202,42.27117683,-84.99112773,5
49202,42.2718214,-84.9651373,1
49080,42.21039395,-85.07173155,2
49009,42.1209018,-85.2209931,1
49009,42.1068164,-85.0797911,1
49009,42.1030405,-85.118787,1
49202,42.1240263,-84.9417305,6
49202,42.2749582,-84.90528,1
49202,42.243217,-84.753876,1
49202,42.2651424,-84.7611781,1
49202,42.2441933,-84.7533457,1
49202,42.2632124,-84.7500411,1
49202,42.0871681,-84.8270707,1
49009,41.9839842,-86.1121352,1
49009,41.97379535,-86.13609805,1
49009,41.9828482,-86.0843957,1
49009,41.9008904,-86.0142822,4
49009,42.05739425,-86.1933006,3
49009,42.0460432,-86.1084151,1
49009,42.0178235,-86.0323617,1
49009,42.0012828,-85.7663427,1
49009,41.99587872,-85.79054336,17
49009,42.0626036,-85.8396723,1
49009,41.93370223,-85.90141177,4
49009,41.89888,-85.8123627,1
49770,45.31661448,-85.26023739,9
49770,45.32066163,-85.24933327,4
49770,45.2125561,-85.0176271,1
49770,45.1681862,-84.9869766,1
49770,45.33284167,-85.22808467,4
49770,45.2990442,-85.2524935,1
49770,45.3150558,-85.1730347,2
49770,45.24825396,-85.24176244,10
49770,45.25066321,-85.20133864,10
49770,45.156334,-85.1271563,1
49770,45.15691355,-85.14455595,2
49770,45.126255,-85.13492965,2
49770,45.1755199,-85.0167961,2
49770,45.16452829,-84.94374492,41
49770,45.1665802,-84.8986626,5
49770,45.26616903,-84.92883925,5
49770,45.2511864,-84.8621063,1
49735,45.13187255,-84.80034605,2
49721,45.65708303,-84.4881071,9
49721,45.63375003,-84.47950613,1
49721,45.6689076,-84.42091,3
49721,45.6417393,-84.4649598,1
49701,45.7507244,-84.685642,1
49701,45.77448549,-84.72649777,30
49749,45.5032692,-84.7169495,1
49749,45.5212698,-84.64842988,6
49721,45.51825203,-84.55489093,4
49721,45.57105724,-84.46230921,21
49721,45.4827995,-84.2521667,1
49721,45.5241966,-84.3624573,1
49749,45.44139563,-84.70509493,5
49749,45.4105775,-84.61627915,39
49749,45.4443342,-84.5668323,1
49701,46.49590085,-84.3353356,6
49701,46.50137938,-84.35295052,7
49701,46.4936599,-84.3509431,1
49701,46.48472004,-84.35569361,12
49701,46.4766102,-84.3236706,1
49701,46.4906585,-84.3176637,1
49701,46.4760988,-84.3545548,1
49701,46.47196044,-84.37144566,11
49701,46.455737,-84.2837159,1
49701,46.4153519,-84.5629158,3
49701,46.2701187,-84.5030289,1
49701,46.1644326,-84.2274222,1
49721,45.98438721,-83.9664847,10
48617,43.82406765,-84.76782665,2
48617,43.8405384,-84.77087875,2
48617,43.8737106,-84.807663,1
48617,43.8041738,-84.6667707,1
48617,43.9122314,-84.8947144,1
48617,43.850502,-84.8924713,1
48617,43.94916605,-84.95186343,5
48617,43.9245885,-84.89012657,4
48617,43.8427881,-85.02580365,5
48617,44.02177877,-84.79367347,10
48617,43.9830399,-84.7715988,1
48617,44.0474088,-84.80824735,2
48617,44.06132572,-84.7525495,8
48617,43.9596226,-84.6861609,1
48617,43.957957,-84.6406725,1
48823,42.8268309,-84.5410511,1
48823,42.79229526,-84.54275756,6
48823,42.769409,-84.503897,1
49738,44.66268963,-84.72156232,26
49738,44.6324445,-84.7108419,4
49738,44.65915771,-84.58979984,9
49738,44.71024087,-84.65531487,4
49738,44.6654892,-84.7697372,1
49738,44.72784347,-84.79259847,4
49738,44.7936096,-84.7552605,2
49738,44.78783035,-84.6216965,2
49738,44.854132,-84.714678,1
49738,44.81585677,-84.48964017,4
49738,44.79056727,-84.45793183,4
49738,44.5470734,-84.7713776,1
49738,44.52637728,-84.71190445,5
49738,44.5893279,-84.60069867,4
49630,45.7458231,-87.09019737,1
49630,45.7393655,-87.0753948,1
49630,45.75497125,-87.0771192,3
49630,45.765647,-87.077765,1
49630,45.71679188,-87.00004788,6
49630,45.6860023,-87.11553,1
49630,45.791172,-87.3405717,1
49630,45.6456314,-87.1865264,1
49630,45.87491952,-87.00784856,7
49630,45.84447493,-87.00022803,4
49630,45.8375939,-87.0368789,1
49630,45.91816735,-86.969558,3
49630,45.90834314,-86.93852433,10
49630,45.84817253,-86.57567086,10
49630,46.0824034,-86.58483415,3
49630,45.81064595,-88.0360061,3
49630,45.81326933,-88.05641753,4
49630,45.84355316,-88.05430028,7
49630,45.81699545,-88.07677885,3
49630,45.8815436,-88.0562477,1
49630,45.86721553,-88.08645873,4
49630,45.809099,-88.0488903,3
49630,45.7936659,-87.923457,1
48837,42.73312195,-84.65697857,7
48837,42.68104665,-84.6497105,2
48837,42.7433176,-84.65786411,8
48837,42.5872762,-84.8007242,1
48842,42.4950917,-84.6574347,1
48842,42.5573188,-84.6205169,1
49770,45.38668845,-84.9261335,1
49770,45.36665673,-84.99166243,4
49770,45.36629573,-84.97047833,5
49770,45.3547369,-85.02942222,6
49770,45.3532312,-84.96724706,7
49701,45.6798706,-84.9331665,1
49701,45.73091888,-84.9123249,6
49770,45.4531521,-84.9137801,1
49770,45.4260743,-84.90006285,2
49770,45.5039571,-85.09920757,4
49770,45.4917183,-85.0765457,1
49770,45.4719315,-84.9251219,3
49770,45.49254863,-84.90853883,4
49770,45.43977707,-85.0367379,4
49770,45.4215317,-84.8209457,2
49749,45.4280262,-84.76885013,3
49770,45.3875294,-84.9101514,1
49770,45.337513,-84.9301453,1
49770,45.3948557,-84.8929252,1
49770,45.31868818,-84.73949586,7
48502,43.0137829,-83.6842144,1
48502,43.0166319,-83.6922485,1
48502,43.0349624,-83.6483758,1
48502,42.9869685,-83.674672,1
48415,43.1599557,-83.7007226,1
48502,43.1990351,-83.46460675,3
48502,43.0616571,-83.7684731,1
48502,43.0649762,-83.7639461,1
48502,43.0918426,-83.6930465,1
48502,43.0953439,-83.6746032,2
48502,43.122309,-83.466552,1
48502,43.0736298,-83.5558997,1
48502,43.0634581,-83.5444405,1
48507,43.0031561,-83.7598328,1
48507,42.9930896,-83.74044033,4
48507,42.98753554,-83.73973052,7
48507,42.94722153,-83.71974257,4
48507,42.93736044,-83.72461212,7
48507,42.9001956,-83.63273688,1
48507,42.9088404,-83.5915363,1
48507,42.79791137,-83.7373243,4
48617,43.9796142,-84.4693756,1
48617,43.9797161,-84.4951407,1
48617,44.0261307,-84.55513507,4
48617,44.00750975,-84.5455868,3
48657,43.96009607,-84.34514937,4
48661,44.1331151,-84.4150131,1
48661,44.1029587,-84.4566803,1
48657,43.87838365,-84.3176422,3
48657,43.85018918,-84.33716585,6
48617,43.8350394,-84.5460223,1
49630,46.47605763,-90.12472989,12
49630,46.4923,-90.149889,6
49630,46.60461423,-90.33906047,4
49630,46.5130721,-90.0739947,1
49630,46.50955823,-90.09203244,27
49630,46.47041323,-90.01088905,6
49630,46.5451278,-90.0838623,1
49630,46.4727706,-89.9251174,1
49630,46.49079245,-89.98001065,3
49630,46.47040195,-89.55777138,25
49630,46.25229233,-89.16698213,9
49630,46.23670499,-89.38890914,10
49685,44.79636555,-85.63790645,2
49685,44.7604473,-85.58231648,16
49685,44.75529735,-85.61949325,2
49629,44.85214597,-85.53239277,4
49629,44.91342403,-85.51756827,4
49629,44.7743605,-85.4220698,1
49685,44.7673149,-85.49968372,7
49629,44.77664545,-85.49144438,12
49629,44.75180845,-85.40754633,5
49685,44.6572664,-85.6061699,1
49685,44.67042485,-85.6539731,2
49685,44.7296829,-85.71660615,2
49685,44.7270645,-85.8181824,1
49685,44.77978105,-85.72098915,2
49685,44.773896,-85.662327,1
49685,44.72487955,-85.6478798,4
49685,44.61238085,-85.77254635,2
49685,44.6592893,-85.7462629,4
49685,44.66992427,-85.77786273,4
49668,44.5456785,-85.6774826,1
49685,44.63265683,-85.52103217,4
49685,44.74756681,-85.55630556,10
49685,44.7143553,-85.4959414,1
49685,44.6816525,-85.48639165,14
49685,44.7108253,-85.5206174,1
49685,44.6493809,-85.52965705,5
49651,44.57372054,-85.34496994,6
49685,44.5814209,-85.4332047,1
48801,43.3787588,-84.6729186,1
48801,43.3805589,-84.66216535,1
48801,43.4011785,-84.66149105,1
48801,43.3785931,-84.6085708,1
48801,43.2912472,-84.5954505,1
48801,43.3258095,-84.842041,1
49202,41.9444137,-84.6503238,1
49202,41.907738,-84.6243387,2
49202,41.93483285,-84.6325288,2
49202,42.0148943,-84.7200619,1
49202,42.0642783,-84.6806129,1
49202,41.97968495,-84.67348115,2
49202,42.0017774,-84.6127915,1
49202,41.96065395,-84.77996665,2
49202,41.9286499,-84.7860718,1
49221,41.9101472,-84.5671891,1
49202,42.04872455,-84.38088585,2
49221,41.9718112,-84.4304149,1
49202,41.861435,-84.6821814,1
49202,41.912064,-84.690554,1
49221,41.82620235,-84.5388183,2
49221,41.8834073,-84.563421,1
49221,41.7113204,-84.6599676,1
49630,47.1203678,-88.5872805,1
49630,47.12498331,-88.61655933,48
49630,47.12605115,-88.57916585,6
49630,47.1122636,-88.5911174,1
49630,47.1081068,-88.58482645,2
49630,47.1218762,-88.56856873,5
49630,47.09416875,-88.5151925,2
49630,47.12054545,-88.55340345,2
49630,47.124485,-88.5478592,2
49630,46.9095757,-88.5908612,1
49630,47.0702995,-88.5199422,3
49630,47.24451924,-88.43605572,7
49630,47.30225094,-88.37871928,13
49630,47.24055367,-88.45349293,4
49630,47.2469644,-88.4566738,2
49630,47.1910888,-88.4092621,1
49630,47.09868075,-88.42803215,2
49630,47.0252627,-88.52707453,4
49630,47.06811525,-88.64187658,9
49630,47.0079721,-88.7593608,1
49630,47.1371956,-88.8198447,1
49630,47.13819304,-88.69013401,10
48763,43.8168694,-83.0009122,2
48763,44.0436388,-82.99517295,1
48763,44.0237467,-83.0391292,1
48763,43.9146803,-83.3208592,1
48763,43.9607899,-83.2636042,2
48763,43.8990922,-82.6895518,1
48763,43.9435442,-82.7098702,1
48763,43.790937,-83.0633423,1
48823,42.7415856,-84.5550164,1
48823,42.73605123,-84.50620393,4
48842,42.6785365,-84.5225466,1
48842,42.6618369,-84.53754497,4
48823,42.7657913,-84.51245587,3
48823,42.7598023,-84.5111166,1
48823,42.73515915,-84.4791433,2
48823,42.69772835,-84.4999077,2
48823,42.7211588,-84.4544106,3
48823,42.7129649,-84.376086,1
48823,42.68273791,-84.4326819,4
48872,42.6859068,-84.2688454,1
48872,42.7043243,-84.3322452,2
48842,42.6417764,-84.6127083,1
48842,42.5874852,-84.4566787,1
48846,43.0056343,-85.0545805,1
48846,42.98361365,-85.07169335,3
48846,42.9353243,-85.0759093,1
48838,43.1046752,-85.260765,1
48846,43.1166496,-85.1181412,1
48846,42.9537667,-85.2328766,1
48846,42.9862827,-84.9933631,1
48846,43.0090186,-84.9369368,1
48846,42.9234892,-85.2606999,1
48846,42.8847269,-85.0756,1
48837,42.8612111,-84.8840594,1
48846,42.9135158,-85.0740996,1
48846,42.88357855,-85.06809145,3
48763,44.2562447,-83.5302487,1
48763,44.28036838,-83.48128285,5
48763,44.2813553,-83.4943999,2
48750,44.30643837,-83.40049332,13
48750,44.41987618,-83.32795233,17
48750,44.449028,-83.3280411,1
48750,44.49521614,-83.32223073,16
48739,44.3675818,-83.8056116,1
48763,44.3200396,-83.6787526,1
49630,46.0918275,-88.6369089,1
49630,46.1036537,-88.6183956,1
49630,46.046582,-88.51683883,6
49630,46.04242804,-88.74413746,23
49630,46.4613757,-88.6940107,3
49630,46.13276284,-88.56920213,13
49630,46.1112336,-88.34336213,12
49630,46.09356268,-88.43955237,13
48858,43.6066615,-84.7770656,1
48858,43.6016001,-84.7728635,1
48858,43.57571873,-84.7685261,6
48617,43.7603279,-84.82736968,7
48858,43.6647438,-84.9840334,1
48858,43.6683292,-84.9592494,1
48858,43.5785236,-85.0652894,1
48858,43.5838503,-84.8207831,1
48858,43.610653,-84.73124665,3
48858,43.631905,-84.8474406,1
48858,43.6447258,-84.7645935,1
48858,43.6127991,-84.7382209,9
48858,43.6457194,-84.6672546,1
49202,42.2706843,-84.4248038,1
49202,42.3329925,-84.5089257,1
49202,42.2697702,-84.4498789,4
49202,42.2756443,-84.42880778,13
49202,42.3574681,-84.3630702,1
49202,42.3289483,-84.2366057,1
49202,42.33491505,-84.15153855,2
49202,42.2731382,-84.31309985,2
49202,42.2729055,-84.2782859,2
49202,42.2900619,-84.2779388,1
49202,42.12494663,-84.3284836,4
49202,42.17452175,-84.1874521,2
49009,42.2918246,-85.58668764,5
49009,42.3086067,-85.55611,1
49009,42.2717302,-85.6428031,1
49009,42.29116175,-85.59465025,3
49009,42.2963522,-85.6125877,1
49009,42.2627105,-85.66024654,6
49009,42.3904237,-85.7181338,1
49009,42.25043848,-85.54519165,16
49009,42.24050315,-85.56002675,1
49080,42.3275313,-85.3561583,1
49009,42.23563687,-85.67612493,4
49009,42.202299,-85.6145258,1
49646,44.7415267,-85.1746132,2
49646,44.7210322,-85.1718951,2
49646,44.7227363,-85.1866149,1
49629,44.8560619,-85.2822914,1
49629,44.7933426,-85.27161405,2
49646,44.6222871,-85.24836333,5
49646,44.6500015,-85.3079987,1
49646,44.78803197,-85.01332178,8
49505,42.95976975,-85.66815193,4
49505,42.95754923,-85.6593316,5
49505,42.97134005,-85.6729581,1
49505,42.9649509,-85.67087759,4
49505,42.9805008,-85.6981894,1
49505,42.9681513,-85.6812819,1
49505,42.96646185,-85.6946772,3
49505,42.9710689,-85.6553578,1
49505,42.9132298,-85.66314265,3
49505,42.920537,-85.665969,1
49512,42.92178413,-85.58424443,4
49512,42.8868678,-85.6285677,1
49512,42.9053349,-85.640518,1
49512,42.88858,-85.6233312,1
49329,43.2636749,-85.5330216,1
49329,43.2182534,-85.57089315,3
49329,43.2402996,-85.5668876,1
49505,43.04661705,-85.660981,3
49505,43.0575284,-85.6893717,1
49505,43.1668475,-85.5722824,1
49505,43.2097168,-85.6509933,1
49505,43.0541098,-85.5012494,1
48838,43.24996,-85.346298,1
48838,43.06108495,-85.38193315,3
49505,43.01768225,-85.7045675,2
49505,43.0187857,-85.68022858,7
49505,43.025347,-85.72561,1
49505,43.0073055,-85.7764901,1
49428,42.9727492,-85.7600639,1
49512,42.8978523,-85.6474209,1
49418,42.89727125,-85.6654125,1
49512,42.8862596,-85.6587193,1
49418,42.8790578,-85.6738165,2
49418,42.8607469,-85.6821064,4
49512,42.8807347,-85.6643304,3
49512,42.9141868,-85.55488708,4
49512,42.9112873,-85.5546003,1
49512,42.8603109,-85.54444565,2
49512,42.91133693,-85.56991924,9
49512,42.91175389,-85.53759398,15
49512,42.91260073,-85.50728578,4
49512,42.91647248,-85.53526898,5
49512,42.8236963,-85.664023,1
49418,42.83288883,-85.6695567,6
49418,42.8286383,-85.7043363,1
49701,47.41247681,-87.98646735,23
49701,47.43974089,-88.21564826,17
49701,47.3089194,-88.3562472,1
49701,47.37897615,-88.3986261,3
49677,43.8460638,-85.83817216,6
49677,43.87381976,-85.868702,11
49677,43.8528404,-85.6866531,1
49677,43.9270366,-85.84532047,4
49677,43.9649506,-85.8624268,1
49677,44.0425682,-85.6863632,1
49689,44.1350212,-85.7639084,1
49677,44.0435683,-85.6461654,1
49689,44.12719524,-85.95445193,12
49689,44.14379653,-86.01514377,4
48502,43.0505436,-83.3456883,1
48502,43.0419394,-83.3227194,1
48502,43.065555,-83.3179378,1
48502,43.0507896,-83.2942499,1
48502,43.0429993,-83.3186864,1
48502,43.1813307,-83.3167418,1
48502,43.2118899,-83.45594027,4
48502,43.15779895,-83.385449,2
48502,43.2073367,-83.2162704,1
48502,43.1306729,-83.4252801,1
48502,43.1138156,-83.3660303,1
48502,42.992291,-83.225087,1
48502,43.0171222,-83.1773404,1
48502,42.963105,-83.25332799,14
48502,43.0205518,-83.3662272,1
48502,42.8699373,-83.4375478,1
48502,43.01088743,-83.0733771,4
48502,43.030548,-83.0753631,1
49629,45.10290822,-85.60393042,7
49629,45.15945516,-85.6037536,9
49629,45.0152872,-85.760429,2
49629,44.96698621,-85.67897953,10
49629,44.99875487,-85.6186238,4
49630,44.8082967,-85.936363,1
49630,44.8144803,-86.05999598,7
49630,44.90314584,-85.98313754,10
49630,44.86266153,-86.0182129,4
49630,44.8588486,-85.8192825,1
49630,44.7782784,-85.9276886,1
49685,44.8492064,-85.6844921,6
49630,44.9593163,-85.792511,1
49629,44.90428768,-85.70016602,7
49629,44.91834348,-85.64164043,6
49685,44.8600998,-85.7420476,4
49221,41.90455085,-84.0740139,3
49221,41.8935739,-84.065154,1
49221,41.8750061,-84.04449267,4
49221,41.982937,-84.313845,1
49202,42.050558,-84.307587,1
49221,41.97552005,-84.3103858,2
49221,42.05919623,-84.2089039,4
49221,42.07022535,-84.16359615,6
49221,42.0030971,-84.1890687,1
49221,42.06382568,-84.11359594,7
49221,41.9377826,-84.0417818,1
49221,42.003801,-83.945698,1
49221,42.0070762,-83.9685211,1
49221,42.0316696,-83.8693161,1
49221,41.8618052,-84.3610234,1
49221,41.8746954,-84.0137793,1
49267,41.83514705,-83.87096535,3
48872,42.62657843,-83.99811543,1
48872,42.5469368,-83.79584119,10
48507,42.5886798,-83.7539493,1
48507,42.515143,-83.7285531,1
48872,42.58337673,-83.85783663,4
48872,42.53058433,-83.8524201,4
48872,42.48615074,-83.81890163,10
48872,42.49870705,-83.7499477,2
48872,42.4297806,-83.7635128,1
49701,46.5068893,-85.4259491,1
49701,46.32138445,-85.68995095,6
49701,46.2855785,-85.7441376,7
49701,46.29457988,-85.55247128,6
49701,45.85886961,-84.71901529,26
49701,45.88666141,-84.72932696,43
49701,46.0388835,-85.5937796,1
49701,46.0940096,-85.44882385,2
49701,46.22545316,-85.72245356,12
49701,46.19663583,-85.76704192,54
49701,45.86151751,-84.78534212,16
49701,45.93843258,-84.85199443,6
49701,45.99524032,-84.4010604,18
49701,45.99310316,-84.33050439,29
49701,45.9291095,-84.7328309,3
48507,42.5904156,-82.8810519,2
48507,42.5989274,-82.8729348,1
48507,42.6238346,-82.9696016,1
48507,42.6325555,-82.85527,2
48507,42.5500717,-82.9011917,1
48507,42.5553489,-82.8537556,1
48507,42.6753642,-82.8164957,1
48507,42.644207,-82.8154734,1
48507,42.64678198,-82.85004612,7
48507,42.6573232,-82.9534406,1
48507,42.6287265,-82.9653366,3
48507,42.63072808,-83.01113938,7
48507,42.6415974,-83.0324276,1
48507,42.6712112,-83.01246205,2
48507,42.6245428,-82.9807442,1
48507,42.6274976,-83.0161197,1
48507,42.58245055,-83.02933065,5
48507,42.5572497,-83.027483,5
48507,42.53482689,-83.0316367,8
48507,42.4665625,-83.0284375,1
48507,42.4883825,-83.0291567,1
48507,42.52535031,-83.03007309,10
48507,42.5229292,-83.025354,1
48507,42.51437555,-83.02507855,2
48507,42.5045204,-83.0277439,1
48507,42.48541265,-83.08379005,2
48507,42.49079555,-83.00838945,2
48507,42.479617,-83.079422,1
48507,42.53021646,-82.91008865,11
48507,42.52665035,-82.9180849,2
48507,42.518905,-82.9216822,1
48507,42.53079536,-82.94082554,7
48507,42.5441171,-82.9034078,1
48507,42.5090304,-82.9053573,1
48507,42.4651174,-82.9161097,1
49660,44.257662,-86.3200779,9
49660,44.25548844,-86.31311226,4
49660,44.23241445,-86.3043934,2
49660,44.24431295,-86.33170178,5
49660,44.274168,-86.2033335,1
49660,44.288205,-86.203833,1
49660,44.18494,-86.1573718,1
49660,44.3617922,-86.22395822,5
49660,44.39537843,-86.18862388,5
49660,44.4213281,-86.1500961,1
49660,44.361392,-86.1606832,1
49668,44.4394875,-85.8449554,1
49668,44.50370087,-85.8679939,2
49660,44.3299624,-86.04033913,4
49689,44.22192865,-85.9906747,11
49689,44.20380753,-85.91227625,5
49630,46.5396138,-87.39598537,4
49630,46.5827103,-87.43116,3
49630,46.5446676,-87.425722,3
49630,46.5446772,-87.41514383,4
49630,46.5542602,-87.3841456,1
49630,46.5099836,-87.41598333,9
49630,46.50524272,-87.365784,9
49630,46.3240764,-87.77656455,3
49630,46.4868011,-87.7661409,1
49630,46.6597719,-87.7547111,1
49630,46.45383148,-87.73529248,5
49630,46.50173788,-87.6801258,4
49630,46.5614815,-87.5346985,1
49630,46.5363585,-87.51458,1
49630,46.54914764,-87.44207062,15
49630,46.463692,-87.4186527,1
49630,46.48925252,-87.1988354,9
49630,46.48981148,-87.33250888,9
49630,46.26372376,-87.3797684,7
49630,46.27810405,-87.42846855,3
49630,46.2908803,-87.33494568,7
49630,46.25608063,-87.49207307,4
49630,46.26889324,-87.58465094,7
49431,43.95991387,-86.45820069,9
49431,43.95566145,-86.43609965,8
49431,43.9471397,-86.4385147,1
49431,44.01242861,-86.46061284,9
49431,44.04480935,-86.4468541,5
49454,44.0772591,-86.2813209,1
49431,44.07133928,-86.38003433,5
49431,43.91570295,-86.42226475,2
49431,43.95407946,-86.40342289,10
49431,43.85032007,-86.42729093,13
49454,43.9349497,-86.0999763,9
49454,43.95282125,-86.09782885,8
49307,43.68904375,-85.5061549,5
49307,43.6763557,-85.4821076,1
49307,43.66168978,-85.45621489,14
49307,43.7873972,-85.501934,1
49307,43.8194061,-85.42776167,4
49307,43.7136994,-85.3662685,1
49307,43.74437145,-85.29831695,8
49307,43.7113741,-85.22484525,2
49307,43.7014084,-85.2618103,1
48858,43.7333794,-85.1027107,2
49329,43.5331479,-85.5575566,1
49329,43.4994314,-85.44998393,5
49307,43.58634137,-85.53534223,4
49307,43.5934124,-85.32991973,4
49307,43.60991085,-85.41167595,5
49329,43.5360106,-85.3928103,1
49307,43.5857607,-85.27131315,3
49307,43.61046298,-85.30075618,7
49630,45.103506,-87.6019916,1
49630,45.1507251,-87.6018265,1
49630,45.12039915,-87.6125575,3
49630,45.104648,-87.621192,1
49630,45.7022222,-87.3397222,1
49630,45.690955,-87.5213998,1
49630,45.25098708,-87.71071815,6
48611,43.61241265,-84.2433366,1
48611,43.66777107,-84.2466296,3
48611,43.65701335,-84.2440814,5
48611,43.5664733,-84.1817773,1
48657,43.68949988,-84.38607218,6
49601,44.1486186,-85.3249231,1
49267,41.9316539,-83.40985505,2
49267,42.062994,-83.638508,1
49267,41.9454051,-83.6624122,1
49267,41.95992758,-83.67391942,8
49267,41.9359179,-83.6137788,1
49267,41.9291167,-83.35295243,7
49267,41.8970588,-83.4329463,1
49267,41.8439781,-83.6625,1
49267,41.9082228,-83.7599156,1
49267,41.8774846,-83.6779672,1
49267,41.796655,-83.6814406,1
49267,41.81985347,-83.43013257,4
49267,41.8076936,-83.4478594,1
48838,43.180783,-85.2527239,1
48838,43.1778488,-85.2697601,1
49329,43.3901087,-85.4711149,1
49329,43.3136946,-85.3554399,1
49329,43.442934,-85.277608,1
49329,43.43731307,-85.14078263,4
48838,43.3322411,-85.2877197,4
48811,43.407352,-85.03075975,3
48838,43.1762773,-85.2917262,1
48838,43.2645252,-85.2629926,1
48811,43.267334,-84.9171448,3
48811,43.13382,-85.057971,1
49735,44.9920165,-84.14775818,9
49779,44.9926049,-83.8688779,1
49735,44.86472594,-84.30215815,15
49444,43.1911537,-86.23911208,5
49444,43.1898639,-86.2412177,1
49461,43.4602057,-86.265675,1
49461,43.4440314,-86.3468844,1
49461,43.4596051,-86.20211915,2
49461,43.3172669,-86.2528399,4
49461,43.36657001,-86.16587587,14
49444,43.1903522,-86.2608333,1
49444,43.2037528,-86.2026469,1
49444,43.1752363,-86.20994363,4
49444,43.1439705,-86.2844696,4
49444,43.1431954,-86.2213882,1
49444,43.1605566,-86.2056836,2
49461,43.4609711,-85.97371495,2
49461,43.467773,-85.9419829,1
49307,43.631476,-85.942738,1
49461,43.5633304,-86.039943,1
49329,43.5417085,-85.7709497,1
49329,43.5500066,-85.7849637,1
49307,43.57587355,-85.89057713,5
49307,43.61188354,-85.82330474,6
49329,43.5428479,-85.919194,1
49329,43.5352486,-85.8494682,2
49329,43.482205,-85.7744473,1
49329,43.495694,-85.63854385,2
49329,43.50673295,-85.6030769,2
49444,43.3516126,-85.9546313,1
49329,43.44208108,-85.74442997,8
49329,43.38596843,-85.8445068,5
49329,43.43430044,-85.8043191,3
49329,43.4036811,-85.78945923,4
49329,43.45062128,-85.64171431,18
49444,43.32930503,-85.91177877,4
48507,42.63377495,-83.29110285,1
48507,42.6294681,-83.3217048,2
48507,42.6063742,-83.25165673,3
48507,42.81385,-83.565748,1
48507,42.83267215,-83.46381803,5
48507,42.7648277,-83.349678,2
48507,42.72331217,-83.4238149,3
48507,42.73128547,-83.4241189,4
48507,42.833536,-83.405781,1
48507,42.855163,-83.336594,1
48507,42.821848,-83.16149,1
48507,42.7807612,-83.1994426,1
48507,42.7414266,-83.2449434,1
48507,42.65176565,-83.523564,2
48507,42.6765531,-83.46359507,4
48507,42.6863346,-83.4921532,5
48507,42.5809288,-83.6289978,1
48507,42.5763568,-83.5655024,2
48507,42.6788888,-83.4421779,1
48507,42.6708842,-83.3353944,1
48507,42.6664518,-83.3317561,1
48507,42.66044925,-83.4374048,1
48507,42.7085317,-83.24071165,2
48507,42.70192743,-83.30557153,5
48507,42.65241959,-83.24501408,13
48507,42.66407736,-83.24695344,7
48507,42.6257399,-83.2072196,1
48507,42.6440739,-83.2031552,1
48507,42.64476047,-83.1691135,4
48507,42.6244702,-83.1326111,1
48507,42.5733294,-83.5442718,1
48507,42.52905945,-83.4443867,2
48507,42.5711204,-83.4506003,1
48507,42.50018953,-83.53377105,5
48507,42.5234423,-83.5100616,1
48507,42.5301418,-83.35880655,1
48507,42.5445315,-83.21304747,1
48507,42.54889305,-83.21167265,2
48507,42.56203778,-83.1599434,6
48507,42.5634389,-83.1517257,1
48507,42.53792363,-83.11489623,5
48507,42.53627995,-83.12086848,8
48507,42.48631755,-83.4760797,7
48507,42.49114873,-83.4922412,3
48507,42.4888104,-83.5238074,1
48507,42.4822514,-83.6518194,1
48507,42.4810704,-83.5790617,1
48507,42.49646545,-83.538501,2
48507,42.50733073,-83.35538053,3
48507,42.44419633,-83.4346356,4
48507,42.45049835,-83.34424045,2
48507,42.47285155,-83.2418381,2
48507,42.48088083,-83.25239648,5
48507,42.48007845,-83.27833588,5
48507,42.48822555,-83.2931199,2
48507,42.4942299,-83.2882521,2
48507,42.49090415,-83.280766,2
48507,42.4979202,-83.29979477,1
48507,42.45711125,-83.27868125,2
48507,42.4534507,-83.2112748,1
48507,42.4902289,-83.1351553,1
48507,42.5097778,-83.1776121,1
48507,42.5474701,-83.1625724,1
48507,42.4986889,-83.1668333,1
48507,42.5303832,-83.1184919,2
48507,42.5311301,-83.1123822,1
48507,42.4959253,-83.105065,1
48507,42.48417365,-83.0845508,1
48507,42.44480385,-83.1941419,1
48507,42.4465522,-83.1699447,1
48507,42.4469973,-83.1284808,1
48507,42.4624661,-83.0835729,1
49461,43.54501085,-86.4671705,5
49431,43.78926981,-86.42278795,11
49431,43.76769869,-86.43823412,16
49454,43.7766075,-86.3647842,1
49454,43.70580005,-86.3613394,1
49454,43.68728305,-86.3837018,2
49454,43.64291705,-86.1140886,2
49461,43.52415619,-86.36383117,25
49461,43.5079181,-86.3641838,1
48661,44.2703444,-84.2183112,1
48661,44.2589469,-84.23866233,4
48661,44.2031555,-84.1854019,1
48661,44.2140427,-84.24736405,2
48661,44.2535945,-84.0602349,1
49630,46.8269619,-89.214319,1
49630,46.83193449,-89.48068031,10
49677,43.8261471,-85.43483735,2
49677,43.86217627,-85.3859914,4
49677,44.01160233,-85.514189,4
49677,43.9965397,-85.49736163,4
49677,43.944856,-85.489659,1
49677,43.9782791,-85.5259171,1
49677,43.9011397,-85.2748037,1
49677,43.96824773,-85.10973867,4
49677,43.9338531,-85.2003937,1
49677,43.841011,-85.2298775,2
49677,43.8573634,-85.17093407,8
48737,44.6887054,-84.10739373,9
49738,44.81923675,-84.23657225,2
49738,44.6916441,-84.20410217,4
48661,44.64578088,-84.15818198,21
48661,44.6117916,-84.27430155,5
48737,44.64582187,-84.01506593,4
49735,45.02810571,-84.67938551,8
49735,45.02502688,-84.6608975,5
49735,44.9886489,-84.6758006,2
49735,45.02511412,-84.68872548,8
49735,45.1249714,-84.5338936,2
49735,45.0569725,-84.7888336,1
49735,45.0731239,-84.8341904,2
49735,45.07559015,-84.74964145,2
49735,44.96542758,-84.70478337,39
49735,44.94723793,-84.65389593,4
49735,45.01317828,-84.61175142,13
49735,44.9537422,-84.82209778,6
49735,44.88960673,-84.69697735,5
49735,44.8964634,-84.6583481,2
49735,44.9343262,-84.4113541,1
49735,45.0846096,-84.4678224,1
49453,42.7890043,-86.10555358,3
49453,42.77697153,-86.0817028,6
49456,43.0741803,-86.1398225,1
49456,43.0641479,-86.23236652,5
49456,43.05438242,-86.24251122,7
49456,43.06921625,-86.2092353,2
49456,43.05975874,-86.22636048,7
49456,43.0413213,-86.0890385,1
49428,43.00323908,-85.8198545,6
49456,42.970303,-86.17849865,2
49456,43.04377478,-86.22088603,5
49456,43.029719,-86.034383,1
49456,42.9072909,-86.1897103,2
49428,43.0024794,-85.99820183,4
49428,42.974846,-85.90673,1
49453,42.8782532,-86.1154416,1
49453,42.7995471,-86.1294016,1
49453,42.81727266,-86.08687883,14
49453,42.84578193,-86.2073517,4
49453,42.77831663,-86.19865835,5
49428,42.8114689,-85.985211,1
49428,42.8498615,-85.86116825,2
49428,42.9068947,-85.8990132,1
49428,42.908412,-85.8355068,1
49779,45.42232485,-83.8266811,3
49779,45.2135663,-83.49664785,2
49779,45.30968985,-83.4806341,2
48629,44.31930255,-84.7689088,11
48629,44.33523367,-84.8030669,2
48629,44.30089807,-84.7422429,9
48629,44.46904418,-84.63133678,5
48629,44.41694516,-84.70086754,12
48629,44.36797426,-84.69440544,6
48629,44.2973541,-84.65667338,5
48629,44.30128362,-84.63906417,8
48629,44.31299818,-84.68814849,18
48602,43.4150009,-83.9519882,1
48602,43.4367785,-84.0421872,1
48602,43.4809894,-83.965037,16
48602,43.4989872,-83.9723648,1
48722,43.34803697,-83.85997703,4
48722,43.3352255,-83.7416818,1
48415,43.32623956,-83.73827571,14
48722,43.3906154,-83.73886,1
48415,43.25070717,-83.76570404,9
48415,43.2774288,-83.7905647,1
48867,43.1872874,-84.1670063,1
48502,43.36533165,-82.5598412,3
48415,43.4289284,-82.54557353,4
48415,43.4211636,-82.8421806,2
48502,43.26696969,-82.53181826,10
48502,43.34521287,-82.53822365,19
48502,43.2260948,-82.5282668,1
48502,43.1703033,-82.5045547,1
49701,45.95647931,-86.31811284,24
49701,45.95817947,-86.20974172,24
49701,46.03819527,-86.29502867,4
49630,45.86154492,-86.33362963,9
49701,46.13961578,-86.4486252,7
49630,45.97023188,-86.3628156,6
49701,46.19578144,-86.57045415,15
48867,43.0010519,-84.1766068,1
48867,42.9972838,-84.1339475,1
48872,42.8360559,-84.2164433,1
48872,42.8094576,-84.3240653,1
48867,42.9249193,-83.9702745,1
48867,42.938835,-83.9748685,2
48872,42.822879,-84.0069288,1
48872,42.840426,-84.008696,1
48502,42.9752124,-82.4242827,2
48502,42.99824675,-82.42745525,2
48502,42.9907487,-82.45143332,6
48502,42.935424,-82.4565209,1
48502,42.9806297,-82.4927939,1
48502,42.95418255,-82.5038199,2
48502,42.97997737,-82.47645123,4
48502,42.9022329,-82.501017,1
48502,42.9204486,-82.4776025,1
48502,42.98912,-82.55343563,4
48502,42.87502435,-82.55791655,2
48502,42.8407795,-82.4794396,2
48502,42.7999215,-82.4831937,1
48502,42.65431093,-82.61515603,4
49009,41.8007585,-85.405068,1
49009,41.77429837,-85.42767397,3
49009,41.78602235,-85.4296953,2
49009,41.9538544,-85.6944467,2
49009,42.0066649,-85.4610978,1
49009,42.04342382,-85.52209874,7
49009,41.9993335,-85.3646886,1
49009,41.9478718,-85.6334757,1
49009,41.93648943,-85.6505055,6
49009,41.9629293,-85.3243299,1
49009,41.977566,-85.3813219,1
49009,41.91913242,-85.33509574,7
49009,41.9229591,-85.52317665,3
49009,41.9133994,-85.4507533,1
49009,41.797607,-85.6601164,1
49009,41.8035731,-85.3501939,1
48722,43.4819535,-83.4040606,1
48722,43.49139975,-83.3981019,3
48722,43.4976056,-83.3858027,1
48722,43.43696515,-83.43562215,3
48722,43.43917593,-83.50059257,4
49009,41.88214066,-86.36035346,7
48722,43.5992934,-83.1864196,1
48722,43.6597948,-83.2473054,1
48415,43.3875151,-83.2146516,1
48722,43.3761,-83.6010189,1
48415,43.354783,-83.46013,1
48415,43.2744274,-83.5830383,6
49406,42.40396828,-86.2454754,7
49406,42.40848595,-86.27400258,12
49406,42.3874814,-86.28030127,4
49406,42.3968262,-86.2619854,1
49406,42.35543736,-86.29018584,14
49406,42.42237073,-86.22239963,4
49406,42.38186773,-86.25403298,5
49406,42.4273171,-86.25787779,12
49406,42.2751909,-86.2591859,1
49406,42.26738215,-86.3323378,2
49406,42.39970532,-86.20055898,8
49406,42.39937007,-86.1651381,4
49406,42.3932991,-86.0129089,1
49009,42.3677216,-85.9972534,1
49009,42.1760167,-86.0508945,1
49009,42.2399432,-86.09221397,4
49009,42.21551824,-86.03431152,7
49009,42.332981,-86.002556,1
49009,42.2629852,-86.0311928,2
49009,42.0790881,-86.20117088,25
49009,42.1059971,-86.0503322,1
49009,42.1090138,-86.0041191,1
49009,42.09227945,-85.84971175,2
49009,42.1291504,-85.8078613,1
49221,42.3073422,-83.69060355,2
49221,42.3033065,-83.68944673,4
49221,42.28414,-83.78993873,3
49221,42.2810282,-83.7602451,1
49221,42.292954,-83.7726139,1
49221,42.2684306,-83.7223377,1
49221,42.2778638,-83.7530018,1
49221,42.2437628,-83.7578124,1
49221,42.24751955,-83.7320664,1
49221,42.23865139,-83.73845303,19
49202,42.29857615,-84.0279362,2
49221,42.2941927,-83.8409395,1
49221,42.3149463,-83.6503662,1
49221,42.07025085,-84.11215842,9
49221,42.1753339,-83.7597046,1
49221,42.2520992,-83.68136087,4
49221,42.2289451,-83.61338993,3
49221,42.22539395,-83.62010925,1
49221,42.2463564,-83.59017755,2
49267,42.2528672,-83.5562956,1
49267,42.202428,-83.599891,1
49267,42.1924608,-83.5662032,1
48507,42.415787,-83.1045113,1
48507,42.3925764,-83.0876072,1
48507,42.43704045,-83.1179823,2
48507,42.422553,-83.107947,1
48507,42.3889709,-83.1376084,1
48507,42.3590789,-83.1048513,2
48507,42.3790791,-83.0746905,1
49267,42.3276652,-83.1388385,1
49267,42.33331245,-83.0754768,2
49267,42.2864499,-83.1666169,1
49267,42.3159029,-83.0881378,1
49267,42.3147387,-83.0836343,1
48507,42.4197853,-83.2666734,1
48507,42.4233232,-83.2777845,3
48507,42.4152563,-83.251796,1
48507,42.4442225,-83.20507765,2
48507,42.4206392,-83.143939,1
48507,42.4137104,-83.2761431,1
49267,42.3316402,-83.2192712,1
48507,42.3895234,-83.0526964,1
48507,42.4007105,-83.0612685,1
48507,42.4466774,-83.0861872,1
48507,42.448121,-83.0702147,2
48507,42.4488095,-82.9968783,1
48507,42.44672807,-82.97696083,4
48507,42.4527375,-82.9665036,1
48507,42.4162036,-82.9930137,1
48507,42.4001097,-82.980639,1
48507,42.3879629,-82.945168,1
48507,42.3576591,-82.9974685,1
49267,42.35889833,-82.9854644,4
48507,42.4097873,-82.9045934,1
48507,42.4372639,-82.9200656,1
48507,42.36672255,-83.4065753,2
48507,42.41269743,-83.4190983,3
48507,42.41595418,-83.42823743,5
48507,42.4429174,-83.3248743,1
48507,42.4098963,-83.4196686,1
48507,42.38399313,-83.32431163,5
48507,42.3702484,-83.3373308,2
48507,42.3691395,-83.31789235,2
48507,42.3944006,-83.4765148,1
48507,42.3724879,-83.4709821,1
48507,42.3739005,-83.5028527,1
48507,42.39104217,-83.50000343,4
48507,42.4368277,-83.3097258,1
48507,42.429135,-83.2909348,1
48507,42.3705796,-83.2860115,1
48507,42.367707,-83.2699675,6
49267,42.3234893,-83.4162093,1
49267,42.2850341,-83.3553085,1
49267,42.3363668,-83.4764618,1
49267,42.3231076,-83.44747943,6
49267,42.27847209,-83.44706076,10
49267,42.2196128,-83.2682907,1
49267,42.2829559,-83.36048785,2
49267,42.2904659,-83.3229147,2
49267,42.2958502,-83.294498,2
49267,42.29975938,-83.2719356,5
49267,42.3203597,-83.21697,1
49267,42.33137145,-83.2176612,2
49267,42.3226606,-83.1723058,1
49267,42.3370445,-83.1761631,1
49267,42.33453703,-83.2138227,5
49267,42.3251585,-83.2025854,1
49267,42.336598,-83.272454,1
49267,42.29679616,-83.28876756,7
49267,42.24349583,-83.34896439,22
49267,42.2403039,-83.33626382,8
49267,42.2329382,-83.32674635,2
49267,42.22064154,-83.4906,10
49267,42.24833123,-83.26976593,4
49267,42.2100052,-83.272999,1
49267,42.19730675,-83.237942,5
49267,42.26099516,-83.18649466,7
49267,42.28312975,-83.17184275,2
49267,42.2796932,-83.17285673,4
49267,42.2601512,-83.1544934,1
49267,42.2646949,-83.2185181,1
49267,42.2595761,-83.20670623,5
49267,42.2463365,-83.2118863,1
49267,42.2074746,-83.21426835,2
49267,42.21365848,-83.22397828,7
49267,42.1896,-83.2232,2
49267,42.21541425,-83.1948306,2
49267,42.2101887,-83.1986345,1
49267,42.1422455,-83.1869253,1
49267,42.1073562,-83.1651135,1
49267,42.1626843,-83.4027844,1
49267,42.1405162,-83.24336945,2
49267,42.1626383,-83.2676644,1
49267,42.1725673,-83.238646,1
49267,42.11701077,-83.2886409,4
49267,42.10606557,-83.2866427,4
49267,42.0946114,-83.2464667,1
49601,44.2296937,-85.4158125,1
49601,44.23434997,-85.39743277,4
49601,44.23124262,-85.44744771,23
49668,44.39622197,-85.7347289,4
49668,44.38941495,-85.7906398,2
49668,44.4340706,-85.6964951,1
49668,44.48630315,-85.72392425,2
49601,44.4403175,-85.4179056,1
49601,44.3573303,-85.5607758,1
49601,44.23454013,-85.5313763,5
49668,44.3148443,-85.6023643,7
49601,44.31571685,-85.4961697,2
49601,44.2813876,-85.3661837,1
49601,44.19937115,-85.40604843,26
