Zip code,Latitude,Longitude,Number of required Level 2 chargers
48750,44.644792,-83.349745,2
48737,44.641232,-83.463629,3
49701,46.448788,-87.0058,1
48763,44.124846,-83.62791,1
48763,44.067856,-83.639256,6
49630,46.75273,-88.447953,11
48631,43.593795,-83.890997,3
48631,43.606024,-83.905895,15
48631,43.618216,-83.883738,2
48631,43.608183,-83.87684,42
48631,43.600625,-83.898489,20
48631,43.600525,-83.877647,25
48631,43.598242,-83.863338,24
48631,43.593299,-83.87846,42
48631,43.584749,-83.907742,13
48631,43.579972,-83.891616,40
48631,43.584754,-83.878752,9
48631,43.572578,-83.879142,2
48631,43.56436,-83.896484,4
48631,43.612251,-83.84237,10
48631,43.664947,-83.914922,1
48611,43.602139,-84.075697,11
48631,43.693543,-84.005533,1
48631,43.699255,-83.95002,3
48631,43.593749,-83.836438,41
48631,43.603086,-83.769551,8
49685,44.557963,-85.998659,4
49406,42.103589,-86.473766,19
49406,42.100509,-86.487408,15
49406,42.08963,-86.481457,1
49406,42.112977,-86.441121,3
49406,42.109954,-86.458194,58
49406,42.099582,-86.45355,2
49406,42.10421,-86.440952,4
49009,42.13221,-86.357299,1
49406,42.084916,-86.465182,2
49406,42.059749,-86.505556,22
49406,42.001123,-86.525648,16
49009,42.019917,-86.428909,3
49009,41.931671,-86.40499,5
49009,41.963998,-86.360478,49
49009,41.947489,-86.340977,29
49009,41.828495,-86.365565,52
49009,41.829967,-86.253608,36
49009,41.825903,-86.268142,20
49009,41.821261,-86.243215,21
49009,41.835015,-86.294546,5
49009,41.824015,-86.229479,5
49009,41.785392,-85.116725,2
49080,42.32222,-85.182751,18
49080,42.345097,-85.234153,39
49080,42.340869,-85.1955,29
49080,42.329043,-85.198658,6
49080,42.324628,-85.169163,43
49080,42.317455,-85.154725,9
49080,42.308415,-85.198565,5
49080,42.382305,-85.156284,3
49080,42.305861,-85.225589,24
49080,42.292671,-85.212517,21
49080,42.299503,-85.160749,1
49202,42.113963,-84.7666,6
49009,41.836135,-86.201354,3
49009,41.796522,-86.083516,1
49009,41.78511,-86.048209,7
49770,45.252001,-85.017894,5
48823,43.002117,-84.560433,19
48823,43.013406,-84.555279,9
48823,42.990605,-84.553566,11
48811,42.98806,-84.77869,3
48837,42.900416,-84.778735,1
48811,42.98749,-84.651366,2
48811,43.074881,-84.660181,1
48867,43.0032,-84.374097,5
48837,42.9002,-84.661099,1
48823,42.836245,-84.575057,28
49738,44.633449,-84.785498,11
49630,45.791309,-88.047514,3
49630,46.17202,-88.012191,1
48837,42.559246,-84.849995,11
48837,42.550294,-84.83527,13
48837,42.640001,-85.015877,2
48837,42.723992,-84.781985,1
48837,42.744874,-84.741763,33
48837,42.758994,-84.626519,35
48837,42.733846,-84.622613,120
48837,42.443997,-84.924613,13
49770,45.377026,-84.948043,23
49749,45.507571,-84.791519,3
48502,43.068844,-83.723452,16
48502,43.072049,-83.699153,1
48502,43.067786,-83.669845,3
48502,43.053762,-83.72404,1
48502,43.058322,-83.701113,5
48502,43.051401,-83.700697,2
48502,43.042504,-83.723252,1
48502,43.043034,-83.699968,8
48502,43.035107,-83.703091,7
48502,43.043982,-83.682828,1
48502,43.046868,-83.650472,9
48502,43.03027,-83.730307,3
48502,43.016984,-83.703636,20
48502,43.027465,-83.691389,41
48502,43.027484,-83.681245,3
48502,43.020514,-83.662927,11
48502,43.008427,-83.728013,15
48502,43.009262,-83.700956,6
48502,43.007922,-83.66705,18
48502,42.994042,-83.696963,25
48502,42.992808,-83.664824,10
48502,42.996568,-83.648763,13
48415,43.176345,-83.893185,14
48415,43.177242,-83.735489,26
48415,43.183086,-83.780514,1
48502,43.128963,-83.716983,16
48502,43.098314,-83.712568,11
48502,43.117349,-83.698917,17
48502,43.117302,-83.623159,13
48502,43.031749,-83.518751,125
48502,43.033756,-83.60603,3
48502,43.002697,-83.627462,28
48507,42.971366,-83.662463,5
48507,42.969312,-83.679305,34
48502,43.024499,-83.792558,13
48502,43.018115,-83.756922,84
48507,42.968289,-83.710203,3
48507,42.962663,-83.825849,26
48507,42.805872,-83.709981,39
48507,42.825352,-83.865887,8
48507,42.84834,-83.711521,13
48507,42.819363,-83.781063,3
49630,46.451702,-90.152465,21
49630,46.461819,-90.176707,11
49685,44.762864,-85.600646,9
49685,44.729354,-85.543835,9
48801,43.370451,-84.65635,10
48801,43.404858,-84.476384,2
48801,43.248329,-84.426443,1
49202,41.841789,-84.751241,1
48763,43.984338,-82.94694,1
48763,43.959346,-83.181762,5
48763,43.870627,-83.292714,1
48763,43.893673,-83.063156,1
48763,43.845376,-82.656131,5
48823,42.76277,-84.588404,24
48823,42.752285,-84.57206,2
48823,42.739907,-84.575458,2
48823,42.746854,-84.531113,25
48823,42.734724,-84.531965,27
48823,42.727343,-84.524905,1
48823,42.721699,-84.529916,3
48842,42.70854,-84.590821,45
48842,42.710196,-84.570357,19
48823,42.71707,-84.548385,24
48842,42.709459,-84.531459,3
48842,42.690361,-84.597104,40
48842,42.692919,-84.586924,14
48842,42.69379,-84.572455,32
48842,42.704227,-84.550355,18
48842,42.690355,-84.553889,14
48842,42.689494,-84.53925,3
48842,42.698595,-84.514959,37
48823,42.746744,-84.592613,18
48823,42.732678,-84.594482,27
48823,42.752529,-84.500596,53
48823,42.761446,-84.492047,87
48823,42.75152,-84.473588,37
48823,42.740031,-84.494307,40
48823,42.731971,-84.46369,137
48823,42.724572,-84.500028,52
48823,42.7177,-84.502351,36
48823,42.641631,-84.314146,1
48842,42.645299,-84.51583,60
48842,42.643882,-84.533266,24
48842,42.577308,-84.455744,42
49202,42.452346,-84.429223,7
48842,42.553138,-84.542605,1
49202,42.448311,-84.175645,4
49202,42.468601,-84.311454,1
48846,42.782421,-85.137459,8
48750,44.38155,-83.365975,3
48750,44.468374,-83.587009,7
49630,46.016458,-88.284564,1
49202,42.261328,-84.397775,11
49202,42.259144,-84.387057,24
49202,42.237479,-84.400783,18
49202,42.366082,-84.65778,3
49202,42.197427,-84.555395,14
49202,42.115322,-84.652182,1
49202,42.184454,-84.439295,3
49202,42.218059,-84.400237,2
49202,42.189619,-84.381754,3
49202,42.121951,-84.260675,12
49202,42.170979,-84.256637,5
49202,42.180319,-84.331098,9
49009,42.297153,-85.60361,24
49009,42.298483,-85.56283,9
49009,42.284746,-85.614614,32
49009,42.274333,-85.58403,29
49009,42.273052,-85.559541,6
49009,42.26737,-85.601155,18
49009,42.263739,-85.557779,3
49009,42.256939,-85.627546,32
49009,42.253315,-85.593955,91
49009,42.328211,-85.564056,24
49009,42.322296,-85.60841,2
49080,42.386356,-85.624374,7
49080,42.384285,-85.562006,1
49009,42.34014,-85.553712,30
49080,42.395603,-85.396383,2
49080,42.371928,-85.348351,3
49009,42.310244,-85.499451,5
49009,42.291052,-85.418311,15
49009,42.237545,-85.596696,5
49009,42.222807,-85.535569,2
49009,42.115898,-85.63423,13
49009,42.201855,-85.354494,3
49646,44.815497,-85.151586,3
49505,43.023006,-85.64556,25
49505,43.006902,-85.661715,5
49505,43.006649,-85.633628,13
49505,42.991868,-85.649135,31
49505,42.993059,-85.667326,36
49505,42.992112,-85.689711,56
49505,42.994875,-85.727873,8
49505,42.975619,-85.732493,24
49505,42.972746,-85.709562,29
49505,42.979227,-85.680946,81
49505,42.980023,-85.664708,104
49505,42.953907,-85.70356,17
49505,42.958999,-85.64796,120
49505,42.959103,-85.632159,29
49505,42.94636,-85.654518,49
49505,42.947691,-85.63464,11
49505,42.934223,-85.641124,22
49505,42.93346,-85.624366,24
49512,42.918726,-85.640063,13
49505,42.952109,-85.604843,3
49505,42.947135,-85.621075,2
49329,43.249106,-85.73134,5
49329,43.250826,-85.490232,5
49505,43.075389,-85.732063,14
49505,43.126712,-85.55829,40
48838,43.16236,-85.37186,1
49418,42.903802,-85.689701,28
49505,42.934803,-85.696679,9
49418,42.91893,-85.691616,51
49418,42.909806,-85.671956,10
49418,42.891944,-85.719177,91
49418,42.891679,-85.691831,45
49418,42.890906,-85.772077,35
49418,42.89182,-85.748174,20
49512,42.876485,-85.635502,6
49512,42.935087,-85.345718,33
49512,42.986589,-85.371574,2
49630,44.910436,-85.873808,1
48872,42.602475,-83.936295,59
48872,42.616446,-83.934405,120
48872,42.659487,-84.074397,17
48872,42.731607,-84.095461,1
48872,42.732965,-83.978666,8
49701,46.352886,-85.510552,8
49701,46.065372,-85.740592,1
49701,46.161458,-85.297586,4
48502,42.80488,-83.004137,26
48502,42.847817,-83.042741,1
48502,42.842389,-82.882843,4
48502,42.85439,-82.78462,6
48502,42.764617,-82.798565,3
48502,42.730619,-82.795311,10
48507,42.651505,-83.05247,31
48507,42.468196,-82.962738,35
49660,44.30215,-86.275342,1
49630,46.376503,-88.045815,3
49630,46.489351,-87.592938,10
49630,46.611541,-87.503279,11
49630,46.414921,-87.532588,1
49630,46.376375,-87.303485,12
49431,43.961294,-86.444635,12
49307,43.704909,-85.485345,3
49630,45.750218,-87.641577,2
49630,45.481313,-87.351919,1
49630,45.654155,-87.737521,5
49630,45.411389,-87.758955,1
48611,43.619708,-84.213067,31
48657,43.758868,-84.586869,8
48657,43.699186,-84.329034,1
48657,43.596801,-84.428909,1
48611,43.58258,-84.270904,1
48611,43.530882,-84.219685,1
49651,44.38158,-85.156362,1
49267,41.909304,-83.3949,34
49267,41.926626,-83.395827,35
49267,41.913264,-83.363343,7
49267,41.916942,-83.412498,50
49267,42.037408,-83.715853,1
49267,42.077282,-83.686256,22
49267,41.930941,-83.536706,1
49267,41.975489,-83.505004,3
49267,42.057195,-83.389838,4
49267,41.966008,-83.403224,4
49267,41.88316,-83.399136,21
49267,41.899215,-83.713562,2
49267,41.866512,-83.591998,1
49267,41.754911,-83.548569,19
48811,43.178967,-84.846813,1
49735,44.985756,-84.072116,1
49444,43.236085,-86.253158,63
49444,43.253322,-86.235002,7
49444,43.244246,-86.206163,103
49444,43.229998,-86.228462,22
49444,43.22301,-86.240711,44
49444,43.228482,-86.274032,19
49444,43.212776,-86.268833,32
49444,43.220896,-86.310135,17
49444,43.207295,-86.246238,14
49444,43.210396,-86.232056,18
49461,43.412795,-86.363721,4
49461,43.430916,-86.422136,10
49461,43.399701,-86.340597,16
49461,43.343194,-86.342078,2
49461,43.424768,-86.09847,3
49444,43.268209,-86.287861,4
49444,43.251685,-86.271403,10
49444,43.229695,-86.19557,39
49444,43.280495,-86.207915,2
49444,43.252284,-86.17299,7
49444,43.220637,-86.164559,3
49444,43.249327,-85.849178,2
49444,43.190736,-86.299235,1
49456,43.126156,-86.160974,9
49444,43.17154,-86.073389,1
49444,43.162243,-85.967683,3
48507,42.658505,-83.260588,41
48507,42.639833,-83.277763,36
48507,42.628125,-83.300102,31
48507,42.798732,-83.623328,43
48507,42.821764,-83.256551,25
48507,42.782748,-83.24536,31
48507,42.626575,-83.615659,16
48507,42.589172,-83.602886,40
48507,42.632142,-83.338861,13
48507,42.602992,-83.461601,8
48507,42.555017,-83.488254,10
48507,42.613715,-83.337641,26
48507,42.578909,-83.421553,1
48507,42.440718,-83.493157,14
48507,42.482834,-83.342799,8
48507,42.497348,-83.209986,4
48507,42.492109,-83.227356,2
48507,42.4853,-83.119,4
49461,43.51142,-86.099314,1
48661,44.465167,-84.096802,4
48661,44.381454,-84.168396,1
48739,44.378315,-83.944246,1
49630,46.591921,-89.646088,3
49677,43.93358,-85.264595,1
49453,42.779611,-86.11597,7
49453,42.772407,-86.15145,10
49453,42.772572,-86.117637,9
49456,43.07442,-86.191426,19
49456,43.105993,-86.225932,50
49456,43.082778,-86.224021,12
49428,43.065872,-85.934096,25
49428,43.074701,-85.847866,4
49428,42.906347,-85.94856,7
49453,42.771264,-86.171509,3
49779,45.409214,-84.187271,4
49779,45.251447,-83.687124,1
48629,44.422873,-84.551917,10
48661,44.465603,-84.43029,1
48602,43.43734,-83.984223,9
48602,43.439339,-83.967636,13
48602,43.432142,-83.924536,2
48602,43.420921,-83.963401,29
48602,43.4227,-83.930772,6
48602,43.420601,-83.915568,7
48602,43.41662,-83.98867,5
48602,43.397626,-83.980891,15
48602,43.411937,-83.974834,12
48602,43.408131,-83.91998,40
48602,43.420753,-84.071099,19
48602,43.438425,-84.130378,11
48602,43.398306,-84.00885,25
48602,43.461663,-83.940295,17
48602,43.404013,-83.898179,3
48602,43.495539,-83.905013,1
48602,43.437233,-84.231069,4
48801,43.435679,-84.330307,1
48602,43.299634,-84.149996,8
48415,43.26377,-83.991943,2
48722,43.375489,-83.903325,34
48867,43.184688,-84.12003,11
48415,43.175981,-83.990636,2
48415,43.326895,-83.081003,13
48502,43.207057,-82.988504,5
49701,46.418153,-86.052766,1
48867,42.999492,-84.161245,19
48502,43.016389,-82.437595,53
48502,43.004081,-82.442651,13
48502,42.966657,-82.433877,20
48502,43.054662,-82.481673,24
48502,43.02232,-82.489419,1
48502,43.127722,-82.792831,17
48502,43.122147,-82.51519,5
48502,42.940251,-82.804103,3
48502,42.944661,-82.682202,2
48502,42.764809,-82.491072,9
48502,42.69201,-82.720728,4
48502,42.701154,-82.659387,8
48502,42.621565,-82.53479,15
48502,42.714248,-82.504243,23
48502,42.694855,-82.558954,1
49009,41.796929,-85.417632,32
48722,43.627491,-83.435591,1
48415,43.456482,-83.167563,2
49009,42.214598,-85.891711,32
49009,42.201664,-85.940967,1
49009,42.288433,-85.822319,1
49009,42.173368,-85.842545,10
49009,42.215115,-85.785551,6
49009,42.233214,-85.828624,2
49221,42.265973,-83.752497,29
49221,42.264823,-83.731092,48
49221,42.266577,-83.704196,9
49221,42.252036,-83.714787,59
49221,42.242776,-83.691991,16
49202,42.38218,-83.959143,2
49202,42.329835,-83.88202,21
49221,42.153584,-84.029227,18
49221,42.252179,-83.636182,54
49221,42.253672,-83.617274,160
49221,42.250048,-83.605,16
49221,42.236517,-83.60331,31
49267,42.091236,-83.682654,10
48507,42.388239,-83.144246,72
48507,42.375588,-83.11963,57
48507,42.360363,-83.139927,25
48507,42.363336,-83.119061,51
49267,42.346688,-83.133258,8
49267,42.351658,-83.116516,41
49267,42.334706,-83.11188,26
48507,42.396276,-83.184516,14
49267,42.360196,-83.154057,8
48507,42.437,-83.046175,8
48507,42.390571,-83.030153,2
48507,42.369826,-83.044101,3
48507,42.381841,-82.962099,15
48507,42.361421,-82.965256,2
48507,42.364006,-82.944611,37
48507,42.391466,-82.911815,22
48507,42.430471,-83.485073,103
48507,42.366688,-83.304078,8
49267,42.323104,-83.338573,22
49267,42.300347,-83.320334,27
49267,42.345729,-83.186403,13
49267,42.313255,-83.15215,20
49267,42.251703,-83.2402,3
49267,42.229329,-83.174113,24
49267,42.273211,-83.127226,52
49267,42.234636,-83.214941,10
49267,42.201162,-83.15275,69
49267,42.070414,-83.242841,15
49668,44.468544,-85.637291,1
49668,44.294607,-85.760712,1
48750,44.563868,-83.371745,1
49701,46.428151,-86.670272,16
49701,46.57651,-86.159296,3
49701,46.383385,-86.45426,4
49080,42.531924,-85.86108,3
49080,42.539919,-85.842972,16
49080,42.51911,-85.850717,18
49406,42.645016,-86.209489,12
49406,42.615839,-86.180298,3
49453,42.663349,-86.173069,5
49453,42.730351,-86.178496,1
49453,42.703349,-86.150158,1
49453,42.764343,-86.107463,25
49453,42.74354,-86.076838,8
49348,42.703105,-85.81041,1
49418,42.746013,-85.87077,2
49348,42.637489,-85.810819,2
49348,42.673808,-85.631788,6
49348,42.670831,-85.653093,21
49348,42.745127,-85.634158,5
49080,42.566455,-85.60224,2
49453,42.580278,-86.075704,10
49406,42.459662,-86.22241,3
49406,42.462642,-86.158399,1
49406,42.495272,-86.080729,3
49080,42.459507,-85.70582,16
49080,42.455877,-85.690426,1
49080,42.487575,-85.717956,1
49080,42.428217,-85.680941,13
49080,42.442347,-85.67999,1
49080,42.456374,-85.672745,1
49080,42.449028,-85.636847,4
49080,42.443614,-85.652396,18
49080,42.436141,-85.604693,3
49080,42.45994,-85.646703,1
49779,45.056248,-83.439994,1
49779,45.063781,-83.460167,10
49779,45.073196,-83.460095,24
49779,45.067897,-83.438451,16
49779,45.07808,-83.408465,5
49779,45.069354,-83.423877,12
49779,45.063913,-83.445035,12
49779,45.052348,-83.46046,24
49779,45.102533,-83.487451,7
49779,45.096568,-83.375793,4
49779,45.049245,-83.491712,1
48737,44.988489,-83.485217,1
49646,44.900405,-85.056839,2
49646,44.904123,-85.06503,7
49629,44.876361,-85.407408,8
49629,44.915524,-85.38897,6
49629,44.942222,-85.339122,4
49629,44.962868,-85.259884,2
49629,45.012291,-85.156725,2
49629,44.914661,-85.264331,4
49629,44.884954,-85.260787,4
49629,44.923864,-85.151448,23
48631,43.978791,-83.96873,22
48763,44.020586,-83.746592,3
48631,44.015216,-83.986363,1
49630,46.900683,-88.239249,2
49630,46.770553,-88.502975,12
49348,42.639583,-85.275406,18
49348,42.639947,-85.294634,3
49348,42.657244,-85.278781,4
49348,42.66657,-85.32997,13
49348,42.725956,-85.33408,2
48837,42.705763,-85.124802,3
49348,42.663447,-85.239215,6
48837,42.651102,-85.129987,2
48837,42.597145,-85.090404,5
49080,42.544691,-85.344713,2
49080,42.490958,-85.384401,1
49348,42.609575,-85.516569,1
49348,42.715993,-85.460395,11
49348,42.74017,-85.443849,5
49080,42.484926,-85.481816,2
49267,42.335458,-83.148649,5
48631,43.873906,-83.995969,4
48631,43.605494,-83.921509,24
48631,43.621361,-83.920303,21
48631,43.637608,-83.883283,16
48611,43.58973,-84.108149,5
48611,43.612015,-84.125191,13
48631,43.585661,-83.967813,3
48611,43.58524,-84.021232,1
48602,43.545881,-83.857601,1
48611,43.545844,-84.01491,1
48602,43.540641,-83.928484,18
49630,44.657052,-86.24082,14
49630,44.638533,-86.18732,6
49630,44.648154,-86.016354,1
49685,44.643837,-85.96617,2
49685,44.753945,-85.872641,2
49406,42.085523,-86.493037,79
49406,42.128441,-86.431782,1
49406,42.120411,-86.427014,30
49406,42.127543,-86.403101,12
49406,42.14469,-86.40292,2
49406,42.140989,-86.446032,11
49406,42.097949,-86.420692,39
49406,42.06902,-86.445371,14
49406,42.085487,-86.44574,12
49406,42.17105,-86.384504,2
49406,42.209815,-86.366165,9
49009,42.183392,-86.254731,4
49009,42.192437,-86.260442,5
49009,42.220407,-86.249618,3
49406,42.205662,-86.285257,15
49009,42.136185,-86.279105,2
49009,42.019681,-86.484663,2
49406,42.036231,-86.519321,29
49009,42.059402,-86.379932,3
49009,42.015467,-86.249043,2
49009,41.970862,-86.305096,3
49009,41.916971,-86.553682,10
49009,41.965176,-86.540999,11
49009,41.927754,-86.480246,1
49009,41.967349,-86.480976,3
49009,42.132844,-85.934437,1
49009,41.799203,-86.742562,6
49009,41.779466,-86.698519,13
49406,41.775909,-86.786649,11
49009,41.879558,-86.618479,1
49009,41.795159,-86.613255,4
49009,41.785902,-86.476973,1
49009,41.842534,-86.255372,2
49009,41.835743,-86.238604,6
49009,41.853405,-86.230529,21
49009,41.78596,-86.260897,2
49009,41.795033,-86.236455,9
48507,42.390163,-83.36351,4
49202,41.938441,-85.000106,8
49202,41.93195,-85.01937,16
49202,41.948831,-85.024537,3
49202,41.954782,-85.002707,3
49202,41.948243,-85.001018,11
49202,41.937203,-84.965835,7
49202,41.932121,-84.987727,11
49202,41.943281,-84.985442,14
49009,42.022035,-85.13727,9
49009,42.061603,-85.137944,5
49202,41.970657,-85.001316,9
49202,41.966287,-85.042452,2
49202,41.94095,-84.882376,3
49202,41.92215,-84.90009,3
49009,41.869586,-85.188885,9
49202,41.786412,-84.967049,1
49080,42.331265,-85.159595,17
49080,42.343523,-85.164206,74
49080,42.306579,-85.175796,13
49080,42.31709,-85.197227,13
49080,42.320316,-85.196046,8
49080,42.318643,-85.227413,13
49080,42.328089,-85.242756,15
49080,42.386105,-85.207264,1
49080,42.35584,-85.252189,1
49080,42.257073,-85.26559,2
49080,42.255012,-85.204272,128
49080,42.30351,-85.27185,80
49080,42.282583,-85.188961,5
49080,42.300663,-85.194407,32
49080,42.32964,-85.127723,15
49080,42.314302,-85.1385,53
49080,42.289743,-85.027155,1
49202,42.279826,-84.96244,9
49202,42.277018,-84.977702,1
49202,42.269764,-84.973086,6
49202,42.25843,-84.976473,9
49202,42.267168,-84.951377,9
49202,42.279616,-84.950745,9
49009,42.119337,-85.258226,1
49009,42.109762,-85.201948,2
49009,42.107283,-85.145595,1
49202,42.116383,-85.027433,1
49202,42.356863,-84.772704,2
49202,42.237018,-84.746433,5
49202,42.245204,-84.743578,11
49202,42.259257,-84.765486,12
49202,42.252305,-84.770443,5
49202,42.251605,-84.747126,3
49202,42.258209,-84.747468,3
49202,42.239204,-84.765038,3
49202,42.245722,-84.766328,6
49202,42.142602,-84.812849,3
49009,41.982844,-86.114966,17
49009,41.992765,-86.106201,9
49009,41.987318,-86.091364,3
49009,41.916269,-86.002457,3
49009,41.904393,-86.018998,12
49009,41.947652,-86.048452,17
49009,42.04286,-86.162253,2
49009,42.001426,-86.17629,3
49009,41.94703,-86.189312,5
49009,42.02502,-85.810921,2
49009,41.950059,-85.932993,1
49009,41.832312,-86.05063,1
49009,41.875417,-86.048201,2
49009,41.794655,-85.818915,4
49770,45.309152,-85.260137,35
49770,45.319342,-85.244996,5
49770,45.224817,-85.011865,10
49770,45.207593,-85.022234,3
49770,45.207997,-84.99029,5
49770,45.336318,-85.234228,10
49770,45.251617,-85.243426,1
49770,45.237756,-85.122661,10
49770,45.243937,-85.196509,8
49770,45.15895,-85.135834,6
49770,45.152009,-85.185957,5
49770,45.156023,-85.0306,4
49770,45.158322,-84.945859,6
49770,45.249234,-84.890167,1
49721,45.655562,-84.48509,16
49721,45.636362,-84.487381,6
49721,45.646777,-84.45176,4
49721,45.633602,-84.456876,3
49701,45.738478,-84.688457,3
49721,45.519848,-84.566251,1
49721,45.549804,-84.307656,1
49749,45.424314,-84.622746,8
49701,46.496584,-84.340326,72
49701,46.48645,-84.345506,5
49701,46.493904,-84.357533,7
49701,46.488095,-84.358686,14
49701,46.47142,-84.318538,1
49701,46.485922,-84.316899,3
49701,46.47712,-84.393884,1
49701,46.47045,-84.350888,4
49701,46.477168,-84.37022,19
49701,46.439397,-84.430077,3
49701,46.439076,-84.295363,1
49701,46.448888,-84.669874,3
49701,46.365328,-84.461629,8
49701,46.274786,-84.475089,3
48617,43.824756,-84.761967,7
48617,43.835843,-84.775861,26
48617,43.858187,-84.814123,2
48617,43.828436,-84.909332,5
48617,43.882083,-85.020654,1
48617,43.840295,-85.034225,1
48617,44.012896,-84.80759,3
48617,44.05914,-84.825773,1
48617,44.052376,-84.766529,2
48617,43.996445,-84.827732,13
48823,42.989948,-84.503728,4
48867,43.074197,-84.397086,4
48823,42.900104,-84.500988,1
48837,42.82801,-84.643682,3
48823,42.83481,-84.525,3
48823,42.844998,-84.594217,3
48823,42.819486,-84.589512,5
48823,42.792162,-84.546159,6
48823,42.790527,-84.585733,8
48823,42.781062,-84.466651,7
48823,42.794444,-84.454544,41
48823,42.783197,-84.415739,3
48823,42.777628,-84.485514,110
49738,44.665502,-84.714323,3
49738,44.741339,-84.683897,3
49738,44.559455,-84.653375,1
49630,45.740599,-87.090102,37
49630,45.740521,-87.073706,3
49630,45.756211,-87.06582,38
49630,45.756502,-87.08399,3
49630,45.768367,-87.074708,2
49630,45.739063,-87.064989,44
49630,45.723514,-87.094107,1
49630,45.669334,-87.282947,3
49630,45.617864,-87.251242,1
49630,45.847823,-87.015935,8
49630,45.841677,-87.028256,8
49630,45.799974,-87.101045,2
49630,45.989451,-86.879905,1
49630,45.815136,-88.056891,21
49630,45.812551,-88.077389,6
49630,45.821033,-88.077149,3
49630,45.790251,-88.093809,8
49630,45.803226,-88.082922,16
49630,45.890157,-88.024026,1
49630,45.81376,-87.999344,5
49630,45.807047,-87.911105,10
49630,45.784678,-87.920383,6
48837,42.575772,-84.831958,29
48837,42.585461,-84.80802,5
48837,42.748105,-85.004077,1
48837,42.756392,-84.734907,10
48837,42.756029,-84.754648,28
48837,42.733281,-84.691262,4
48837,42.730354,-84.655422,39
48837,42.700931,-84.656206,9
48837,42.751608,-84.652569,116
48842,42.694658,-84.618354,15
48842,42.719497,-84.623162,25
48842,42.624221,-84.665268,3
48837,42.471273,-85.039734,2
48837,42.467288,-84.985493,3
48837,42.587647,-84.875841,8
48837,42.462211,-84.871139,2
48837,42.628348,-84.748374,7
48837,42.610924,-84.779099,13
48842,42.501184,-84.657701,9
48842,42.513204,-84.650063,16
49770,45.359842,-84.948545,21
49770,45.366937,-84.96627,12
49770,45.361268,-85.036682,32
49770,45.357569,-84.962288,85
49701,45.730054,-84.915968,5
49770,45.529273,-85.043689,3
49770,45.484738,-84.937346,16
49770,45.457848,-85.04224,4
49770,45.433596,-84.98156,10
49770,45.440139,-84.818085,16
49749,45.427865,-84.757427,1
49770,45.320042,-84.998326,3
48502,43.015034,-83.686068,16
48502,43.012297,-83.691156,10
48502,43.064689,-83.687454,7
48502,43.062008,-83.652791,3
48502,43.030826,-83.671209,1
48502,43.039611,-83.669895,3
48502,43.036343,-83.646097,5
48502,43.020514,-83.648324,9
48502,43.03786,-83.660333,4
48502,43.024994,-83.710269,3
48502,43.016338,-83.721317,2
48502,43.020698,-83.677358,40
48502,43.013181,-83.671922,37
48502,42.987044,-83.679364,4
48502,43.001223,-83.682395,3
48507,42.983679,-83.713454,2
48415,43.20197,-83.722097,7
48415,43.163471,-83.719076,23
48502,43.165907,-83.54538,4
48502,43.157343,-83.637448,1
48502,43.058656,-83.852355,12
48502,43.066321,-83.833813,31
48502,43.111821,-83.748519,1
48502,43.066335,-83.786156,2
48502,43.082925,-83.700243,2
48502,43.083028,-83.719829,16
48502,43.116983,-83.67055,8
48502,43.054724,-83.632579,7
48502,43.093097,-83.598095,1
48502,43.031499,-83.549854,67
48502,43.026329,-83.485036,12
48502,43.003321,-83.550628,59
48502,42.979689,-83.598041,1
48502,42.975001,-83.633309,15
48502,43.00505,-83.604741,2
48507,42.990472,-83.794311,1
48502,43.041959,-83.768128,48
48502,43.034631,-83.743291,27
48507,42.996645,-83.764345,33
48507,43.000236,-83.744635,36
48507,42.98085,-83.747834,4
48507,42.892338,-83.749765,1
48507,42.948554,-83.704884,32
48507,42.931576,-83.715709,18
48507,42.891019,-83.868596,1
48507,42.922757,-83.632753,39
48507,42.930841,-83.616961,15
48507,42.928652,-83.685593,81
48507,42.930519,-83.661056,48
48507,42.953281,-83.609719,1
48507,42.940757,-83.616829,40
48507,42.927379,-83.584889,32
48507,42.881976,-83.651904,25
48507,42.893861,-83.603155,38
48507,42.910125,-83.546993,2
48507,42.788652,-83.703673,15
48507,42.786194,-83.735114,3
48507,42.800175,-83.739356,67
48507,42.801644,-83.770031,1
48617,43.982563,-84.476699,3
48617,43.984404,-84.4953,4
48617,44.009343,-84.442577,6
48657,43.968597,-84.314162,1
48657,43.871937,-84.409138,9
48617,43.882674,-84.555976,7
48617,43.932422,-84.519873,2
49630,46.498725,-90.170906,5
49630,46.486448,-90.04957,3
49630,46.49751,-90.041074,9
49630,46.482181,-89.921202,1
49630,46.469234,-89.950624,2
49630,46.431838,-89.541499,3
49630,46.258881,-89.326184,1
49685,44.764354,-85.628246,19
49685,44.751281,-85.612161,29
49685,44.761775,-85.612639,22
49685,44.770424,-85.581131,26
49685,44.75604,-85.62926,3
49685,44.747657,-85.630245,1
49685,44.755518,-85.640027,42
49685,44.742018,-85.578269,7
49685,44.795594,-85.5676,13
49629,44.925711,-85.521702,3
49685,44.755334,-85.472176,3
49629,44.793984,-85.480539,11
49685,44.675975,-85.676539,2
49685,44.62047,-85.616425,3
49685,44.73356,-85.727606,4
49685,44.709615,-85.747303,1
49685,44.709197,-85.786439,1
49685,44.76494,-85.722306,5
49685,44.706915,-85.666662,1
49685,44.764383,-85.667152,3
49685,44.735197,-85.636263,69
49685,44.733551,-85.678974,20
49685,44.725207,-85.628189,69
49685,44.733591,-85.651782,32
49685,44.724025,-85.611674,27
49685,44.724232,-85.590351,38
49685,44.613517,-85.514879,2
49685,44.750366,-85.567056,2
49685,44.72369,-85.48081,18
49685,44.699152,-85.544181,3
48801,43.372855,-84.671422,3
48801,43.385919,-84.6744,9
48801,43.383014,-84.659776,11
48801,43.396158,-84.659782,17
48801,43.382256,-84.631705,10
48801,43.404256,-84.612623,4
48801,43.414261,-84.593142,2
48801,43.415433,-84.6199,13
48801,43.439224,-84.450333,3
48801,43.290015,-84.613956,4
48801,43.293884,-84.589716,15
48811,43.2684,-84.743659,1
49202,41.922079,-84.622027,27
49202,41.930557,-84.63869,9
49202,41.923962,-84.643002,20
49202,41.9155,-84.643015,3
49202,42.02784,-84.793942,9
49202,41.983348,-84.658162,1
49202,41.971861,-84.624161,10
49202,41.964469,-84.698422,4
49202,41.96373,-84.534942,2
49221,41.920035,-84.534883,1
49202,41.854992,-84.727898,2
49221,41.722496,-84.766432,1
49202,41.869367,-84.65244,4
49202,41.918925,-84.603782,10
49221,41.760164,-84.650751,1
49221,41.873303,-84.535874,1
49221,41.720467,-84.410495,1
49630,47.126851,-88.589709,34
49630,47.129807,-88.609911,9
49630,47.113726,-88.59887,4
49630,47.11754,-88.574377,48
49630,47.114796,-88.533904,24
49630,47.114056,-88.553753,21
49630,47.081086,-88.556684,4
49630,47.235105,-88.435777,2
49630,47.234079,-88.451165,21
49630,47.240287,-88.464859,11
49630,47.189721,-88.404549,12
49630,47.226163,-88.404644,3
49630,47.146432,-88.526849,5
49630,47.112334,-88.45234,1
49630,47.023727,-88.559966,1
49630,46.979648,-88.509261,6
49630,47.074128,-88.66014,2
49630,47.015727,-88.735376,1
48763,43.79699,-83.006225,2
48763,43.810985,-83.004515,21
48763,44.036167,-82.903038,8
48763,44.037325,-82.999652,2
48763,43.908667,-83.304516,1
48763,43.93408,-83.260091,3
48763,43.826919,-83.266129,10
48763,43.799936,-83.328023,1
48763,43.828338,-83.166872,4
48631,43.728518,-83.452151,4
48631,43.736487,-83.447085,2
48763,43.812262,-82.668319,3
48763,43.723505,-82.968858,3
48823,42.731565,-84.544051,85
48823,42.731619,-84.553319,56
48823,42.764989,-84.537217,5
48823,42.766305,-84.562489,4
48823,42.753766,-84.552365,12
48823,42.744665,-84.547472,44
48823,42.738007,-84.559453,73
48823,42.744702,-84.561537,43
48823,42.730028,-84.57449,2
48823,42.729828,-84.562572,46
48823,42.73524,-84.504833,106
48823,42.734529,-84.516993,15
48842,42.665297,-84.575717,44
48842,42.676177,-84.582999,11
48842,42.675328,-84.531477,66
48842,42.666272,-84.552786,96
48842,42.665246,-84.530617,9
48823,42.763331,-84.520414,34
48823,42.751428,-84.516266,24
48823,42.743871,-84.473782,32
48823,42.745041,-84.453863,31
48823,42.736027,-84.478405,59
48823,42.737135,-84.488367,45
48823,42.697683,-84.491593,44
48823,42.711543,-84.411457,88
48823,42.706103,-84.424393,17
48823,42.715116,-84.447273,91
48823,42.735501,-84.442226,6
48823,42.75988,-84.452621,79
48823,42.758406,-84.404964,75
48823,42.738101,-84.394694,61
48823,42.693786,-84.44266,75
48872,42.686428,-84.290917,20
48872,42.690949,-84.274909,5
48872,42.668195,-84.171826,5
48872,42.630417,-84.206899,1
48842,42.662723,-84.503183,28
48842,42.677467,-84.502502,147
48842,42.620924,-84.509945,49
48842,42.64317,-84.575257,13
48842,42.592509,-84.448149,12
48842,42.575402,-84.429905,17
49202,42.437566,-84.19942,11
48846,42.989767,-85.061766,48
48846,42.979006,-85.103938,1
48846,42.986895,-85.072684,18
48846,42.961548,-85.088089,1
48846,42.979323,-85.040443,1
48838,43.084143,-85.241926,5
48838,43.090121,-85.225484,13
48838,43.101904,-85.247764,16
48838,43.102975,-85.22018,4
48838,43.078936,-85.280785,1
48846,42.957467,-85.003073,6
48846,43.014612,-85.019051,7
48846,43.018058,-84.920333,4
48846,43.003373,-84.87157,1
48846,42.964006,-84.896148,2
48846,42.925723,-85.2097,1
48846,42.878878,-85.218203,2
48846,42.913451,-85.255272,11
48846,42.935847,-85.256724,1
48837,42.870957,-84.892522,3
48846,42.900393,-84.944185,7
48837,42.858824,-84.903971,6
48846,42.917803,-85.027069,5
48837,42.817172,-84.861313,20
48763,44.27344,-83.515299,8
48763,44.289499,-83.4796,3
48763,44.285198,-83.498752,6
48750,44.381434,-83.584146,1
48750,44.318292,-83.428374,16
48750,44.432134,-83.334096,35
48750,44.492428,-83.348082,11
48739,44.2912,-83.843394,3
49630,46.105512,-88.640007,11
49630,46.065819,-88.615543,6
49630,46.041639,-88.567011,4
49630,46.046816,-88.705028,4
49630,46.094586,-88.332878,3
49630,46.27908,-88.278404,3
48858,43.601549,-84.755509,12
48858,43.609428,-84.759979,3
48858,43.608045,-84.77311,10
48858,43.600707,-84.789787,19
48858,43.600814,-84.774318,24
48858,43.59387,-84.778954,61
48858,43.595334,-84.774753,21
48858,43.586148,-84.782457,22
48858,43.576503,-84.778201,1
48858,43.593024,-84.757744,51
48858,43.588057,-84.772496,37
48858,43.586303,-84.752931,165
48858,43.672891,-84.735284,3
48858,43.658738,-84.890318,1
48858,43.574142,-84.819679,26
48858,43.559755,-84.763602,67
48858,43.571694,-84.743899,94
48858,43.618994,-84.823764,5
48858,43.62294,-84.743162,1
48858,43.531491,-84.787235,1
48858,43.527686,-84.693345,6
48858,43.582738,-84.637939,1
49202,42.24646,-84.404982,35
49202,42.250697,-84.398234,5
49202,42.247038,-84.412322,29
49202,42.250323,-84.424798,19
49202,42.261234,-84.425126,50
49202,42.264045,-84.410424,10
49202,42.25374,-84.410593,36
49202,42.220615,-84.421973,21
49202,42.239051,-84.428313,5
49202,42.236466,-84.419017,5
49202,42.2426,-84.419223,24
49202,42.236461,-84.409967,10
49202,42.241962,-84.410244,23
49202,42.230575,-84.412536,2
49202,42.228787,-84.399899,4
49202,42.24723,-84.381999,32
49202,42.234877,-84.380282,3
49202,42.369112,-84.575753,1
49202,42.261992,-84.541157,1
49202,42.293031,-84.627897,2
49202,42.288965,-84.458335,35
49202,42.261914,-84.467289,61
49202,42.255618,-84.451621,16
49202,42.272802,-84.455753,60
49202,42.300191,-84.418362,13
49202,42.281169,-84.41956,3
49202,42.25928,-84.371081,16
49202,42.281349,-84.388706,7
49202,42.367593,-84.228986,1
49202,42.364996,-84.169732,1
49202,42.265373,-84.329223,8
49202,42.216751,-84.276847,2
49202,42.22671,-84.335322,4
49202,42.240953,-84.211822,5
49202,42.252278,-84.164892,2
49202,42.215712,-84.644632,3
49202,42.086543,-84.536101,1
49202,42.130414,-84.536708,3
49202,42.239406,-84.453316,43
49202,42.222158,-84.457901,24
49202,42.128303,-84.335239,1
49009,42.30399,-85.578254,11
49009,42.293742,-85.588473,92
49009,42.323577,-85.543721,3
49009,42.315086,-85.560995,26
49009,42.300567,-85.593112,16
49009,42.308495,-85.595776,43
49009,42.287508,-85.642112,201
49009,42.281958,-85.636269,128
49009,42.304715,-85.64604,100
49009,42.275116,-85.632614,155
49009,42.27821,-85.600994,43
49009,42.286064,-85.595053,40
49009,42.287186,-85.566781,3
49009,42.28274,-85.581205,53
49009,42.287255,-85.580928,35
49009,42.300334,-85.619973,38
49009,42.305133,-85.633832,25
49009,42.29858,-85.544582,2
49009,42.30884,-85.545103,9
49009,42.289877,-85.542701,1
49009,42.325135,-85.535099,136
49009,42.255681,-85.661734,64
49009,42.264486,-85.700843,41
49009,42.279442,-85.668736,75
49009,42.285196,-85.65383,189
49009,42.359839,-85.694065,4
49009,42.395436,-85.694065,4
49080,42.353906,-85.472439,8
49080,42.397733,-85.475184,7
49009,42.251766,-85.553385,49
49009,42.259948,-85.480044,1
49009,42.280051,-85.511294,5
49009,42.305634,-85.523824,9
49009,42.223581,-85.674031,13
49009,42.222903,-85.596993,48
49009,42.208663,-85.600337,21
49009,42.229003,-85.543096,44
49009,42.227985,-85.567098,52
49009,42.208072,-85.56379,27
49009,42.197364,-85.545711,1
49009,42.180507,-85.625981,61
49009,42.2364,-85.624966,42
49009,42.219196,-85.640997,17
49009,42.212207,-85.626464,20
49009,42.181052,-85.5772,3
49009,42.17472,-85.548579,4
49009,42.174048,-85.599058,9
49009,42.129771,-85.548679,12
49009,42.090667,-85.590306,5
49009,42.182453,-85.475507,3
49646,44.730897,-85.176999,11
49646,44.72346,-85.139508,3
49646,44.726328,-85.241797,5
49646,44.662999,-85.27174,1
49505,42.960287,-85.66919,123
49505,42.959471,-85.662261,39
49505,42.965234,-85.662339,106
49505,42.969071,-85.671751,68
49505,42.969501,-85.662663,56
49505,42.980003,-85.616196,41
49505,42.99136,-85.623567,96
49505,42.982636,-85.694786,53
49505,42.976346,-85.694913,23
49505,42.978903,-85.642276,7
49505,42.978674,-85.651068,22
49505,42.966991,-85.67997,98
49505,42.967836,-85.692468,66
49505,42.967795,-85.653182,32
49505,42.968033,-85.644692,57
49505,42.968943,-85.600721,11
49505,42.968937,-85.624083,3
49505,42.949786,-85.675002,70
49505,42.945832,-85.698036,3
49505,42.944708,-85.64431,5
49505,42.951608,-85.644504,8
49505,42.931032,-85.6723,15
49505,42.932784,-85.683491,61
49505,42.933584,-85.652975,15
49505,42.937379,-85.662676,18
49505,42.915575,-85.657429,5
49512,42.920461,-85.621586,45
49512,42.925045,-85.596488,54
49512,42.923275,-85.577963,130
49512,42.908215,-85.618486,29
49512,42.891938,-85.636157,53
49512,42.908873,-85.633668,35
49512,42.890766,-85.616428,50
49329,43.223627,-85.549632,27
49329,43.249628,-85.641695,1
49505,43.049148,-85.664612,11
49505,43.035615,-85.676139,138
49505,43.050439,-85.681248,5
49505,43.155329,-85.70569,24
49505,43.081845,-85.569379,2
49505,43.082434,-85.623912,1
49505,43.09544,-85.647615,1
49505,43.040724,-85.568739,3
49505,43.046128,-85.626245,7
49505,43.039262,-85.601075,37
49505,43.101607,-85.524789,12
49505,43.009698,-85.69763,14
49505,43.024362,-85.693748,118
49505,43.019891,-85.752456,23
49505,43.002894,-85.760929,26
49428,42.969908,-85.760222,86
49428,42.940612,-85.757219,1
49505,43.014234,-85.607479,22
49505,42.988598,-85.573565,11
49505,42.955133,-85.562898,11
49505,42.953281,-85.581636,19
49418,42.922793,-85.719213,7
49418,42.932019,-85.724776,9
49418,42.906603,-85.729549,16
49418,42.906399,-85.71485,126
49512,42.903513,-85.652879,3
49418,42.893573,-85.669272,1
49512,42.891877,-85.653111,10
49418,42.875132,-85.672734,2
49418,42.869802,-85.760003,19
49418,42.875092,-85.695236,5
49418,42.857626,-85.713873,36
49418,42.860212,-85.671628,3
49418,42.868476,-85.73252,44
49418,42.912498,-85.745661,14
49418,42.918919,-85.75819,34
49512,42.861963,-85.654178,55
49512,42.877491,-85.655531,18
49512,42.861876,-85.607827,8
49512,42.876479,-85.611064,88
49512,42.862002,-85.634997,101
49512,42.889763,-85.59434,131
49512,42.906768,-85.595703,66
49512,42.928285,-85.562726,27
49512,42.895518,-85.559518,167
49512,42.861779,-85.5684,24
49512,42.931107,-85.504283,3
49512,42.903532,-85.53474,32
49512,42.902752,-85.506582,5
49512,42.924959,-85.53004,8
49512,42.920332,-85.456794,2
49512,42.954687,-85.521938,13
49512,42.907858,-85.399265,5
49512,42.836871,-85.654002,7
49418,42.841498,-85.670479,8
49512,42.833214,-85.565402,13
49512,42.832459,-85.634812,10
49418,42.826227,-85.752776,5
49418,42.840334,-85.699724,26
49512,42.794633,-85.513372,32
49512,42.822297,-85.359731,1
49701,47.341362,-88.39721,2
49677,43.878159,-85.871796,9
48502,43.049943,-83.352727,12
48502,43.035984,-83.339118,29
48502,43.055746,-83.328943,41
48502,43.05956,-83.310696,5
48502,43.052406,-83.300562,14
48502,43.047614,-83.311805,7
48502,43.213656,-83.297663,1
48502,43.167354,-83.293553,2
48502,43.202802,-83.419485,6
48502,43.170782,-83.390704,2
48502,43.223493,-83.176076,10
48502,43.07898,-83.329964,9
48502,43.0831,-83.365265,1
48502,42.941377,-83.326258,1
48502,42.949483,-83.276425,1
48502,42.947451,-83.423984,1
48502,42.915721,-83.034165,3
48502,42.920433,-83.049857,3
48502,43.012787,-83.076219,14
48502,43.028149,-83.077057,17
48502,42.917149,-83.123839,2
49629,45.076689,-85.635981,1
49629,44.971444,-85.676177,5
49629,45.017387,-85.650847,8
49630,44.820229,-86.034827,2
49685,44.813493,-85.686565,1
49685,44.788683,-85.67924,5
49685,44.839801,-85.676077,2
49630,44.936374,-85.761802,2
49221,41.894878,-84.034429,19
49221,41.899555,-84.042992,37
49221,41.907036,-84.059102,17
49221,41.897334,-84.055015,5
49221,41.897058,-84.064778,9
49221,41.902126,-84.028616,7
49221,41.91032,-84.045188,4
49221,41.913114,-84.018846,17
49221,41.91193,-84.029956,13
49221,41.898829,-84.020995,13
49221,41.882984,-84.039084,27
49221,41.888632,-84.048486,20
49221,42.013125,-84.329235,1
49221,41.945093,-84.341047,3
49221,42.029632,-84.218835,2
49221,42.051358,-84.160437,4
49221,41.929299,-84.038637,2
49221,41.943504,-84.098473,2
49221,41.997297,-83.919824,6
49221,42.012296,-83.946835,7
49221,41.997584,-83.93946,32
49221,42.014858,-83.934934,3
49221,42.014717,-83.959997,5
49221,41.99806,-83.956145,16
49221,42.018601,-83.981177,4
49221,42.072236,-83.961599,3
49221,42.067768,-83.97513,6
49221,41.943546,-83.921226,2
49221,41.970544,-83.985571,1
49221,41.96928,-83.800389,2
49221,41.852209,-84.357523,3
49221,41.857607,-84.341567,4
49221,41.722199,-84.212026,2
49221,41.72127,-84.225975,7
49221,41.878867,-84.179389,1
49221,41.767195,-84.20251,1
49221,41.868813,-84.032783,7
49221,41.837756,-84.092912,1
49221,41.877598,-84.091575,34
49267,41.836159,-83.87045,3
49267,41.826324,-83.862423,2
49221,41.869584,-83.920552,2
49267,41.905292,-83.809588,5
48872,42.657474,-83.969098,6
48872,42.619497,-84.003842,8
48872,42.56993,-83.972605,7
48507,42.644753,-83.775318,21
48507,42.627215,-83.713522,5
48507,42.67143,-83.720215,2
48872,42.659072,-83.85819,2
48872,42.61494,-83.852556,6
48872,42.518596,-83.779237,35
48872,42.538281,-83.788944,48
48507,42.577749,-83.76817,3
48507,42.531148,-83.712816,8
48872,42.587927,-83.870785,59
48872,42.578875,-83.814759,13
48872,42.541354,-83.837993,1
49202,42.44451,-83.970321,14
48872,42.49157,-83.821688,1
48872,42.44913,-83.874914,4
48872,42.485641,-83.878923,1
48507,42.486591,-83.700824,5
48872,42.449326,-83.759903,21
48507,42.447395,-83.698302,7
49701,45.860874,-84.722812,10
49701,45.884404,-84.730661,5
49701,45.924448,-84.826763,3
48507,42.588246,-82.877789,7
48507,42.597538,-82.866944,95
48507,42.5929,-82.890628,13
48507,42.608307,-82.892765,22
48507,42.605235,-82.882985,23
48507,42.605974,-82.935774,19
48507,42.582024,-82.927643,4
48507,42.581515,-82.962512,31
48507,42.615502,-82.911688,182
48507,42.61752,-82.962573,134
48507,42.619797,-82.874066,5
48507,42.592952,-82.939199,48
48507,42.620568,-82.942434,86
48507,42.599526,-82.962798,40
48507,42.577303,-82.913255,31
48507,42.559038,-82.954466,56
48507,42.560012,-82.927709,16
48507,42.574852,-82.899544,1
48507,42.577289,-82.874652,81
48507,42.547127,-82.91621,22
48507,42.561709,-82.907085,13
48507,42.547522,-82.884505,13
48507,42.562216,-82.880509,83
48507,42.583382,-82.844566,40
48507,42.559555,-82.854137,199
48507,42.574799,-82.809417,6
48507,42.588946,-82.805232,13
48507,42.762412,-83.006064,5
48507,42.731119,-83.051468,14
48507,42.720965,-83.040282,35
48507,42.721496,-83.011386,9
48502,42.769804,-82.898122,3
48502,42.813043,-82.759447,8
48502,42.802877,-82.738715,21
48507,42.665769,-82.770809,13
48507,42.667241,-82.808922,21
48507,42.658341,-82.797006,6
48507,42.68313,-82.77367,10
48507,42.682747,-82.817011,98
48502,42.707719,-82.764731,3
48507,42.681046,-82.799456,3
48507,42.638978,-82.825242,10
48507,42.652916,-82.843475,21
48502,42.695529,-82.741694,2
48507,42.682194,-82.749847,56
48507,42.664134,-82.956188,1
48507,42.634518,-82.964523,15
48507,42.635873,-82.914288,1
48507,42.635154,-82.943931,52
48507,42.649309,-82.965399,1
48507,42.690278,-82.872138,4
48507,42.678463,-82.959293,8
48507,42.654776,-82.871395,2
48507,42.630427,-83.003111,57
48507,42.628489,-83.029458,30
48507,42.700366,-83.08049,54
48507,42.676059,-83.071827,21
48507,42.692562,-83.064434,8
48507,42.695992,-83.040893,35
48507,42.67678,-83.036964,1
48507,42.637823,-83.061723,32
48507,42.64393,-83.083392,45
48507,42.652323,-83.02394,3
48507,42.651836,-83.003972,1
48507,42.659845,-82.983476,9
48507,42.634227,-82.983442,43
48507,42.616839,-83.056751,181
48507,42.572201,-83.054871,1
48507,42.611445,-83.081184,40
48507,42.57146,-83.079582,1
48507,42.586847,-83.055392,3
48507,42.618779,-82.988236,139
48507,42.59885,-82.984036,16
48507,42.615248,-83.018682,10
48507,42.573497,-83.017668,26
48507,42.603224,-83.036167,56
48507,42.590426,-83.020673,50
48507,42.572555,-82.981463,37
48507,42.582339,-83.001972,4
48507,42.557954,-83.076684,43
48507,42.545151,-83.07969,31
48507,42.539945,-83.056661,48
48507,42.553666,-83.053248,5
48507,42.558687,-83.019498,5
48507,42.544191,-83.016582,64
48507,42.547465,-82.982016,49
48507,42.557583,-82.995014,14
48507,42.473694,-83.024256,64
48507,42.481516,-83.02916,3
48507,42.531573,-83.056154,24
48507,42.516572,-83.076641,6
48507,42.51718,-83.057388,17
48507,42.529456,-83.013853,20
48507,42.524402,-82.993874,12
48507,42.514407,-83.014088,32
48507,42.53039,-82.979093,30
48507,42.515496,-82.978245,31
48507,42.461422,-83.040184,2
48507,42.483872,-83.065152,35
48507,42.498114,-83.076283,48
48507,42.482636,-83.042732,19
48507,42.498516,-83.056561,4
48507,42.500757,-82.977723,1
48507,42.485086,-83.001545,37
48507,42.499852,-82.996917,40
48507,42.499398,-83.017311,12
48507,42.487094,-82.980462,23
48507,42.454906,-83.054283,3
48507,42.469646,-83.054883,3
48507,42.469265,-83.074572,5
48507,42.454588,-83.073923,25
48507,42.46914,-83.019654,7
48507,42.45602,-83.015862,5
48507,42.455279,-83.030382,5
48507,42.456377,-82.981803,3
48507,42.475245,-82.97616,2
48507,42.489654,-82.958006,8
48507,42.490976,-82.929329,9
48507,42.483752,-82.931425,11
48507,42.531023,-82.909604,11
48507,42.535011,-82.921529,43
48507,42.516224,-82.954417,37
48507,42.518405,-82.931987,89
48507,42.516828,-82.913931,11
48507,42.501581,-82.958043,16
48507,42.504471,-82.939274,14
48507,42.501387,-82.926199,8
48507,42.546471,-82.961445,39
48507,42.533413,-82.936349,21
48507,42.53732,-82.950929,18
48507,42.456823,-82.930434,16
48507,42.474929,-82.921614,3
48507,42.470158,-82.943489,5
48507,42.461282,-82.945188,6
48507,42.473862,-82.93319,6
48507,42.535588,-82.893521,16
48507,42.532283,-82.877876,14
48507,42.517796,-82.890587,21
48507,42.502857,-82.908049,6
48507,42.503779,-82.889577,22
48507,42.485854,-82.892674,10
48507,42.458389,-82.913172,8
48507,42.472446,-82.899691,26
48507,42.458074,-82.888611,51
49660,44.254897,-86.327039,13
49660,44.247255,-86.315687,13
49660,44.237284,-86.313233,2
49660,44.238751,-86.331299,14
49660,44.199414,-86.292156,8
49660,44.391016,-86.207905,1
49660,44.469164,-86.088842,1
49660,44.38674,-86.036995,1
49630,46.541225,-87.396855,42
49630,46.546315,-87.390433,41
49630,46.580151,-87.396914,17
49630,46.563974,-87.396496,25
49630,46.567851,-87.418305,1
49630,46.560355,-87.419326,34
49630,46.558495,-87.40522,3
49630,46.541153,-87.423997,16
49630,46.551752,-87.415796,61
49630,46.552831,-87.387044,13
49630,46.552066,-87.397275,18
49630,46.515169,-87.395876,11
49630,46.510525,-87.585168,4
49630,46.514865,-87.626493,5
49630,46.503242,-87.684176,3
49630,46.493525,-87.679972,16
49630,46.508204,-87.66068,3
49630,46.487282,-87.659723,23
49630,46.475544,-87.664904,3
49630,46.526511,-87.459306,1
49630,46.553252,-87.450971,19
49630,46.473061,-87.429216,3
49630,46.386926,-87.426164,13
49630,46.460219,-87.213876,3
49630,46.446543,-87.329495,3
49630,46.238144,-87.385727,1
49630,46.30784,-87.458842,8
49630,46.299037,-87.303964,12
49431,43.947406,-86.448737,23
49431,43.961014,-86.433478,48
49431,43.944573,-86.432611,6
49431,44.005843,-86.448816,2
49431,43.913221,-86.416866,4
49454,43.937549,-86.344016,14
49454,43.973813,-86.310515,2
49454,43.916439,-86.243095,9
49307,43.69277,-85.493009,35
49307,43.684782,-85.487746,19
49307,43.694899,-85.480943,12
49307,43.704727,-85.469003,17
49307,43.688949,-85.470905,6
49307,43.71098,-85.449056,24
49307,43.66476,-85.462165,16
49307,43.664093,-85.541173,1
49307,43.768168,-85.528043,1
49307,43.774614,-85.469574,4
49307,43.666843,-85.364544,1
49307,43.748921,-85.264679,1
49307,43.596255,-85.356311,2
48858,43.574861,-85.145309,3
49630,45.110742,-87.610822,7
49630,45.102569,-87.603033,22
49630,45.137791,-87.608826,8
49630,45.121397,-87.61415,8
49630,45.118711,-87.625081,7
49630,45.10569,-87.619363,8
49630,45.671041,-87.388019,1
49630,45.413526,-87.500539,3
49630,45.166627,-87.632265,8
48611,43.61681,-84.238385,25
48611,43.648196,-84.252102,15
48657,43.650219,-84.288311,64
48611,43.659996,-84.202834,21
48611,43.646547,-84.212941,20
48611,43.616585,-84.272061,2
48657,43.614891,-84.303597,1
48611,43.628969,-84.219727,36
48611,43.628498,-84.238562,1
48611,43.622939,-84.197362,44
48611,43.619982,-84.17824,12
48611,43.590469,-84.176573,7
48611,43.593213,-84.197355,6
48657,43.704996,-84.397584,7
49651,44.280336,-85.15913,5
49651,44.330494,-85.206712,4
49651,44.279516,-85.272799,3
49267,41.936755,-83.430609,31
49267,41.930669,-83.412973,35
49267,41.950813,-83.650363,1
49267,41.968382,-83.668504,63
49267,42.058451,-83.332893,1
49267,42.056404,-83.250763,13
49267,42.007102,-83.324841,5
49267,41.985176,-83.349679,3
49267,41.952434,-83.367089,45
49267,41.893852,-83.44957,5
49267,41.915042,-83.437912,3
49267,41.845195,-83.436995,1
49267,41.861485,-83.498609,1
49267,41.772141,-83.669915,1
49267,41.764312,-83.630054,1
49267,41.74047,-83.628258,5
49267,41.765652,-83.592348,14
49267,41.74114,-83.589834,22
49267,41.775417,-83.483177,1
49267,41.79482,-83.513261,3
49267,41.818863,-83.433676,8
48838,43.185154,-85.239283,16
48838,43.184721,-85.269943,9
48838,43.173454,-85.238228,10
48838,43.169858,-85.26806,10
49329,43.391818,-85.482937,3
49329,43.413972,-85.484732,5
49329,43.440083,-85.256551,8
48838,43.354035,-85.144962,2
48811,43.393825,-85.037215,3
48858,43.43967,-85.020559,4
48801,43.422636,-84.93531,1
48838,43.158503,-85.223153,13
48838,43.145702,-85.288944,5
48838,43.19265,-85.294088,13
48838,43.234827,-85.273244,2
48838,43.265161,-85.23503,1
48838,43.292336,-85.070983,2
48838,43.293117,-85.085712,8
48838,43.258518,-85.141505,1
48838,43.139061,-85.138214,3
48811,43.228334,-85.013482,3
48811,43.24786,-84.873931,5
48811,43.246261,-84.922762,2
49779,45.071597,-84.00188,7
49735,44.898355,-84.332478,1
49735,44.898385,-84.212353,1
49444,43.229052,-86.216182,9
49444,43.210583,-86.190417,4
49444,43.196349,-86.233422,10
49444,43.194195,-86.248714,27
49461,43.361009,-86.24587,2
49444,43.19796,-86.261587,1
49444,43.183173,-86.268143,4
49444,43.184127,-86.217295,5
49444,43.14402,-86.267346,1
49444,43.135443,-86.227321,20
49444,43.160089,-86.218832,14
49444,43.195061,-86.27041,47
49444,43.200718,-86.275791,5
49461,43.463402,-85.965113,1
49461,43.474331,-85.937543,20
49461,43.462293,-85.938098,14
49307,43.597483,-85.950021,3
49329,43.55396,-85.781838,6
49307,43.574553,-85.744015,1
49329,43.510321,-85.84092,1
49329,43.401053,-85.864351,5
49329,43.424139,-85.803378,5
49329,43.410759,-85.800667,1
49329,43.347621,-85.826101,1
49329,43.316254,-85.761453,8
49329,43.352743,-85.754584,4
48507,42.63734,-83.292162,42
48507,42.648147,-83.280628,6
48507,42.650859,-83.289055,4
48507,42.671008,-83.31356,69
48507,42.689208,-83.319384,53
48507,42.66595,-83.283703,26
48507,42.681071,-83.27709,15
48507,42.643623,-83.300057,20
48507,42.65678,-83.3108,12
48507,42.637685,-83.310734,56
48507,42.649394,-83.320814,3
48507,42.62737,-83.258796,59
48507,42.614158,-83.302039,30
48507,42.626156,-83.316471,15
48507,42.614199,-83.259241,44
48507,42.624456,-83.276646,20
48507,42.631335,-83.277858,7
48507,42.832732,-83.597145,11
48507,42.73423,-83.517934,1
48507,42.767868,-83.482575,16
48507,42.827943,-83.542057,5
48507,42.716046,-83.360952,64
48507,42.710682,-83.386755,3
48507,42.739417,-83.353631,2
48507,42.714443,-83.430268,46
48507,42.728308,-83.400771,28
48507,42.73593,-83.430933,11
48507,42.818801,-83.418893,2
48507,42.860644,-83.392076,6
48507,42.812888,-83.308594,2
48507,42.849971,-83.309264,10
48507,42.808611,-83.271015,3
48507,42.783784,-83.266538,3
48507,42.757349,-83.24371,9
48507,42.727145,-83.255914,36
48507,42.751011,-83.304597,2
48507,42.721657,-83.307456,47
48507,42.717306,-83.183347,12
48507,42.675049,-83.585418,2
48507,42.631369,-83.528208,1
48507,42.67897,-83.469086,4
48507,42.67869,-83.512673,4
48507,42.63751,-83.456672,33
48507,42.692166,-83.429767,2
48507,42.681627,-83.394676,3
48507,42.695597,-83.390289,11
48507,42.695867,-83.353943,4
48507,42.678924,-83.349265,5
48507,42.661751,-83.349741,32
48507,42.66795,-83.381433,13
48507,42.648685,-83.396084,67
48507,42.628595,-83.418442,36
48507,42.651322,-83.427829,17
48507,42.647366,-83.350636,121
48507,42.646893,-83.373818,14
48507,42.631632,-83.372484,51
48507,42.619744,-83.379359,19
48507,42.690508,-83.260305,40
48507,42.69393,-83.227422,138
48507,42.699774,-83.304796,37
48507,42.669984,-83.227223,44
48507,42.669751,-83.247837,79
48507,42.63068,-83.243563,7
48507,42.63833,-83.223467,24
48507,42.627417,-83.226967,133
48507,42.685857,-83.140748,116
48507,42.691531,-83.11229,53
48507,42.68511,-83.198272,27
48507,42.702058,-83.198858,2
48507,42.702531,-83.170122,5
48507,42.663866,-83.202331,31
48507,42.657971,-83.173658,5
48507,42.67328,-83.173512,14
48507,42.70603,-83.117706,19
48507,42.664361,-83.143782,55
48507,42.663234,-83.10877,24
48507,42.628254,-83.180536,3
48507,42.63751,-83.141921,83
48507,42.634093,-83.123559,35
48507,42.640313,-83.102389,16
48507,42.532391,-83.480829,82
48507,42.546031,-83.475215,16
48507,42.538082,-83.504419,27
48507,42.598928,-83.524069,1
48507,42.539785,-83.45104,43
48507,42.57329,-83.459104,15
48507,42.510408,-83.529945,24
48507,42.54098,-83.524817,3
48507,42.519462,-83.52092,514
48507,42.58742,-83.338042,7
48507,42.606746,-83.383989,1
48507,42.556153,-83.414347,70
48507,42.534853,-83.384153,74
48507,42.533962,-83.41393,27
48507,42.555057,-83.378419,4
48507,42.562729,-83.350911,18
48507,42.574107,-83.250673,12
48507,42.582903,-83.235116,12
48507,42.594101,-83.27204,2
48507,42.574976,-83.299041,2
48507,42.612434,-83.22856,15
48507,42.537017,-83.303045,8
48507,42.555609,-83.305291,5
48507,42.538111,-83.265969,7
48507,42.552547,-83.267236,18
48507,42.544936,-83.235637,27
48507,42.540204,-83.219002,32
48507,42.539892,-83.198422,42
48507,42.551304,-83.20144,38
48507,42.607987,-83.135499,18
48507,42.609993,-83.162897,7
48507,42.597397,-83.171876,12
48507,42.55772,-83.195833,140
48507,42.555203,-83.157095,59
48507,42.543703,-83.179407,90
48507,42.572693,-83.152883,18
48507,42.583756,-83.173436,5
48507,42.570027,-83.137641,1
48507,42.584786,-83.105186,3
48507,42.571183,-83.113547,1
48507,42.553968,-83.13614,36
48507,42.55689,-83.105206,23
48507,42.561039,-83.13861,53
48507,42.541835,-83.097439,103
48507,42.474361,-83.481794,36
48507,42.508113,-83.492947,42
48507,42.446094,-83.459862,29
48507,42.499269,-83.450925,75
48507,42.477064,-83.519356,14
48507,42.459191,-83.479903,40
48507,42.475823,-83.445873,27
48507,42.518633,-83.45501,90
48507,42.460189,-83.450122,41
48507,42.47103,-83.648607,30
48507,42.453479,-83.656248,39
48507,42.493046,-83.584709,1
48507,42.487135,-83.636809,13
48507,42.512802,-83.644176,26
48507,42.508685,-83.546427,41
48507,42.459133,-83.366448,58
48507,42.464073,-83.392642,183
48507,42.499758,-83.427377,62
48507,42.479696,-83.42387,31
48507,42.519285,-83.412067,29
48507,42.48076,-83.406991,191
48507,42.502837,-83.407917,3
48507,42.483162,-83.381419,1
48507,42.520523,-83.379352,46
48507,42.504621,-83.368734,29
48507,42.521609,-83.332737,27
48507,42.509987,-83.3498,148
48507,42.45979,-83.414433,55
48507,42.447309,-83.39509,92
48507,42.447364,-83.352445,57
48507,42.461509,-83.345228,12
48507,42.459179,-83.327141,57
48507,42.467242,-83.247359,11
48507,42.494511,-83.250682,3
48507,42.48185,-83.24821,88
48507,42.510004,-83.213184,18
48507,42.508127,-83.239426,16
48507,42.479926,-83.272542,130
48507,42.488803,-83.300055,236
48507,42.497294,-83.292287,76
48507,42.496748,-83.273058,64
48507,42.504254,-83.302407,82
48507,42.478255,-83.300769,14
48507,42.495689,-83.309728,99
48507,42.456928,-83.29802,52
48507,42.461489,-83.267643,72
48507,42.462878,-83.213958,138
48507,42.469974,-83.219388,5
48507,42.480435,-83.210717,63
48507,42.451154,-83.239721,3
48507,42.44903,-83.214249,17
48507,42.45376,-83.207435,79
48507,42.519981,-83.282016,5
48507,42.522607,-83.259492,1
48507,42.521626,-83.230099,27
48507,42.48276,-83.134029,56
48507,42.482898,-83.149444,55
48507,42.528256,-83.167553,124
48507,42.522713,-83.189039,41
48507,42.51381,-83.193074,64
48507,42.512701,-83.152917,19
48507,42.51088,-83.169317,69
48507,42.511883,-83.135265,19
48507,42.525651,-83.134127,11
48507,42.49753,-83.155541,58
48507,42.497856,-83.132335,36
48507,42.535352,-83.137955,25
48507,42.529817,-83.156026,21
48507,42.540679,-83.156452,30
48507,42.495829,-83.193196,8
48507,42.499361,-83.173622,19
48507,42.518765,-83.120364,3
48507,42.51247,-83.10054,25
48507,42.527199,-83.100955,256
48507,42.497901,-83.095381,22
48507,42.49771,-83.111137,36
48507,42.479955,-83.098216,6
48507,42.487236,-83.09999,2
48507,42.467862,-83.192262,2
48507,42.482289,-83.192035,119
48507,42.463063,-83.168094,5
48507,42.470194,-83.168829,11
48507,42.452336,-83.191146,8
48507,42.452524,-83.168019,38
48507,42.468078,-83.144818,15
48507,42.454493,-83.139532,26
48507,42.464473,-83.119392,15
48507,42.457298,-83.126699,46
48507,42.468935,-83.094338,19
48507,42.469173,-83.108524,19
48507,42.453159,-83.103295,2
48507,42.45526,-83.091241,2
49461,43.616707,-86.36426,10
49431,43.751336,-86.430585,7
49454,43.795173,-86.218374,1
49454,43.695412,-86.369988,2
49454,43.698069,-86.358717,9
49454,43.715703,-86.341577,2
49454,43.670941,-86.333006,2
49454,43.675255,-86.115521,2
49461,43.513738,-86.311011,1
48661,44.278464,-84.232392,11
48661,44.270547,-84.23765,18
48661,44.169725,-84.026551,3
48739,44.20512,-83.964797,2
49630,46.891733,-89.167667,5
49630,46.766157,-89.371795,4
49677,43.87178,-85.51453,5
49677,43.872299,-85.498677,12
49677,43.880052,-85.394846,11
49677,44.030317,-85.117634,2
49677,43.903757,-85.265062,3
48737,44.725426,-83.969485,5
48661,44.613162,-84.181191,3
49735,45.031558,-84.67698,64
49735,45.020041,-84.670439,34
49735,45.024578,-84.695759,8
49735,45.154761,-84.512826,1
49735,45.050601,-84.796258,1
49735,45.072895,-84.649065,3
49735,45.071395,-84.711655,3
49735,44.981812,-84.701465,1
49735,44.966619,-84.640259,5
49735,44.90571,-84.704943,3
49453,42.787895,-86.121751,21
49453,42.795068,-86.102121,39
49453,42.786649,-86.102328,25
49453,42.777593,-86.08934,16
49453,42.786197,-86.066203,76
49456,43.094967,-86.165581,13
49456,43.042811,-86.203274,67
49456,43.051401,-86.23366,6
49456,43.062995,-86.210022,27
49456,43.059815,-86.224004,32
49456,43.097761,-86.066647,8
49428,42.967113,-85.831556,4
49428,43.012746,-85.843506,22
49456,43.005739,-86.21436,5
49456,43.038168,-86.223943,19
49456,43.018276,-86.176544,8
49456,43.047932,-86.180941,8
49456,42.989286,-86.055535,3
49456,42.924474,-86.182614,1
49428,42.977681,-85.989456,13
49428,42.988769,-85.920059,24
49428,42.964994,-85.89036,140
49428,42.95776,-85.928659,25
49428,42.841454,-86.049427,13
49453,42.814969,-86.099134,44
49453,42.848641,-86.10851,24
49453,42.801586,-86.125384,8
49453,42.833852,-86.108233,58
49453,42.81928,-86.124742,19
49453,42.815627,-86.083824,72
49453,42.790925,-86.029165,29
49453,42.815929,-86.053565,10
49453,42.835006,-86.194826,2
49453,42.790158,-86.194512,6
49453,42.785993,-86.153436,5
49428,42.808,-86.026554,27
49428,42.809386,-86.006199,4
49428,42.821646,-86.00651,15
49428,42.793797,-85.950165,6
49428,42.835977,-85.965974,3
49428,42.87484,-85.864163,14
49428,42.857758,-85.864151,14
49428,42.896896,-85.867136,8
49428,42.873595,-85.886065,3
49428,42.913887,-85.837552,8
49428,42.911221,-85.805497,62
49428,42.934334,-85.823222,4
49428,42.897513,-85.835975,7
49418,42.870318,-85.815775,27
49418,42.89111,-85.800766,27
49418,42.83264,-85.84016,21
49779,45.410187,-83.805609,6
49779,45.421008,-83.833941,6
48629,44.322449,-84.756029,3
48629,44.304395,-84.823271,1
48629,44.291376,-84.763061,3
48629,44.459871,-84.688736,3
48629,44.358757,-84.711521,3
48629,44.272643,-84.672952,9
48629,44.311314,-84.621514,1
48629,44.316086,-84.687744,1
48602,43.431439,-83.938653,30
48602,43.439124,-83.928219,3
48602,43.453264,-83.919515,6
48602,43.43379,-83.946147,21
48602,43.434914,-83.955223,7
48602,43.427116,-83.981548,7
48602,43.429285,-83.97122,13
48602,43.415617,-83.950927,3
48602,43.419175,-83.939599,10
48602,43.405376,-83.955448,4
48602,43.391025,-83.958977,28
48602,43.395452,-83.934365,10
48611,43.548216,-84.111153,10
48611,43.508002,-84.142756,3
48602,43.44073,-84.030023,46
48602,43.438495,-84.004442,32
48602,43.447158,-83.979295,20
48602,43.470004,-83.995269,15
48602,43.457507,-84.000269,41
48602,43.461861,-84.065967,37
48602,43.460089,-83.966513,55
48602,43.41713,-84.005607,3
48602,43.420665,-84.031968,101
48602,43.503472,-83.948887,24
48602,43.502099,-84.012613,7
48722,43.353239,-83.839213,1
48722,43.341148,-83.741603,28
48722,43.3513,-83.71651,3
48722,43.351428,-83.780016,19
48415,43.235726,-83.755237,3
48415,43.278626,-83.755342,9
48867,43.184363,-84.14445,5
48502,43.386198,-82.582985,1
48415,43.450528,-82.589868,2
48415,43.417051,-82.830766,19
48415,43.425654,-82.836464,7
48763,43.64533,-82.640608,1
48415,43.491613,-82.693853,4
48502,43.274394,-82.559171,17
48502,43.287743,-82.851777,1
48502,43.271118,-82.626952,6
48502,43.274761,-82.61366,7
48502,43.200869,-82.841744,1
48502,43.207535,-82.616291,1
48502,43.188672,-82.547082,3
49701,45.960241,-86.260689,3
49701,45.957885,-86.239179,19
48867,42.990917,-84.174002,3
48867,42.996739,-84.177914,40
48867,43.002064,-84.191227,11
48867,42.988131,-84.190226,3
48867,43.008704,-84.160965,10
48867,43.005538,-84.176175,5
48867,42.977773,-84.176794,13
48867,42.987731,-84.160366,16
48867,43.083899,-84.253291,1
48867,43.025021,-84.188261,5
48867,42.979237,-84.107009,3
48867,43.021477,-84.10629,5
48867,42.966843,-84.13953,5
48867,42.991176,-84.141497,21
48867,43.011143,-83.951716,3
48867,43.088437,-83.958182,5
48872,42.872598,-84.321202,7
48872,42.791964,-84.313025,1
48872,42.796769,-84.248262,3
48872,42.849357,-84.190405,7
48872,42.803508,-84.191057,3
48867,42.906156,-83.993189,9
48867,42.916634,-83.983208,18
48507,42.896042,-83.956188,1
48872,42.844653,-83.982982,1
48502,42.96903,-82.424179,12
48502,42.979379,-82.423343,11
49406,42.183518,-86.307745,4
49406,42.190859,-86.308597,4
48502,42.985923,-82.431645,21
48502,42.993759,-82.436,11
48502,42.983914,-82.449479,4
48502,42.97821,-82.43823,36
48502,42.956083,-82.435678,10
48502,42.948522,-82.451461,27
48502,42.987444,-82.495875,6
48502,42.99897,-82.467106,8
48502,42.947097,-82.477061,17
48502,42.898013,-82.482736,39
48502,42.924399,-82.483179,11
48502,43.011195,-82.926535,10
48502,43.033233,-82.552299,1
48502,42.961514,-82.565125,3
48502,42.976775,-82.557064,1
48502,42.837681,-82.492074,19
48502,42.818961,-82.498118,16
48502,42.644859,-82.610356,5
49009,41.823921,-85.392923,5
49009,41.811809,-85.432528,8
49009,41.805742,-85.400142,13
49009,41.792568,-85.404892,1
49009,41.792315,-85.436041,40
49009,41.769729,-85.475284,1
49009,41.949026,-85.596392,7
49009,41.97453,-85.624359,4
49009,41.962423,-85.546401,3
49009,42.005783,-85.586441,1
49009,41.995754,-85.468075,1
49009,42.038962,-85.470142,1
49009,41.934979,-85.624806,3
49009,41.95986,-85.611092,8
49009,41.957796,-85.637504,2
49009,41.949337,-85.635863,4
49009,41.935997,-85.647129,10
49009,41.945663,-85.64368,38
49009,41.94404,-85.371855,1
49009,41.932174,-85.314013,5
49009,41.916517,-85.489293,3
49009,41.833658,-85.665211,8
49009,41.819989,-85.675092,6
49009,41.877815,-85.478044,3
49009,41.839624,-85.478662,1
49009,41.795554,-85.637384,5
49009,41.787541,-85.559869,2
49009,41.783857,-85.69235,1
49009,41.849862,-85.324602,1
48722,43.485484,-83.409208,14
48722,43.48855,-83.392019,5
48722,43.501608,-83.38981,10
48722,43.44809,-83.426334,1
49009,41.915605,-86.336559,1
48722,43.592546,-83.183867,9
48722,43.603737,-83.174482,4
48722,43.627963,-83.263942,1
48722,43.544962,-83.523493,1
48722,43.435869,-83.669541,3
48415,43.324877,-83.625644,7
48722,43.362865,-83.65,2
48722,43.475785,-83.287526,3
48415,43.366549,-83.313569,1
48722,43.374603,-83.582089,10
48415,43.348634,-83.550935,8
48415,43.336132,-83.402264,3
48415,43.263827,-83.556408,3
48415,43.266732,-83.495966,7
49406,42.408736,-86.26946,37
49406,42.388113,-86.279349,16
49406,42.351623,-86.244769,2
49406,42.385008,-86.24858,8
49406,42.287371,-86.243037,7
49009,42.320407,-86.113739,9
49009,42.311674,-86.114242,1
49406,42.397126,-86.196743,1
49406,42.397271,-86.13924,1
49009,42.36821,-85.94754,2
49009,42.375007,-85.899474,6
49009,42.211199,-86.085001,8
49009,42.220625,-86.023391,1
49009,42.211043,-86.163048,2
49009,42.200562,-86.162786,6
49009,42.219988,-86.135753,8
49009,42.092092,-86.162328,2
49009,42.111241,-85.973904,5
49009,42.104173,-85.970112,5
49221,42.280183,-83.745629,157
49221,42.285726,-83.750156,57
49221,42.303236,-83.732939,55
49221,42.31217,-83.71594,144
49221,42.313223,-83.698564,47
49221,42.295749,-83.688423,61
49221,42.28621,-83.69092,17
49221,42.289829,-83.712997,117
49221,42.279894,-83.788978,2
49221,42.291568,-83.78821,27
49221,42.27866,-83.769527,42
49221,42.288605,-83.773633,4
49221,42.284115,-83.74229,88
49221,42.283494,-83.737876,67
49221,42.284178,-83.729092,102
49221,42.275976,-83.737268,75
49221,42.275206,-83.728669,66
49221,42.270099,-83.73441,53
49221,42.263488,-83.773341,84
49221,42.270777,-83.765393,23
49221,42.269015,-83.742304,50
49221,42.276801,-83.74676,125
49221,42.251287,-83.759981,139
49221,42.240426,-83.713578,63
49221,42.232253,-83.706612,21
49221,42.251981,-83.728161,52
49221,42.241007,-83.744199,43
49202,42.312651,-84.012668,13
49202,42.316719,-84.02947,21
49202,42.28851,-84.046149,1
49202,42.285847,-84.102795,1
49202,42.318669,-83.950599,1
49221,42.263332,-83.809268,8
49221,42.300117,-83.811096,1
49221,42.273052,-83.868563,10
49221,42.278113,-83.819925,13
49202,42.304232,-83.865671,1
49202,42.384363,-83.701518,1
49202,42.39102,-83.760717,9
48507,42.398135,-83.570401,1
48507,42.3926,-83.631704,1
49221,42.300219,-83.672342,25
49221,42.266886,-83.651282,8
49221,42.298067,-83.574578,2
49221,42.122543,-83.930011,2
49221,42.112539,-84.106878,1
49221,42.160512,-83.779975,19
49221,42.175349,-83.779017,25
49221,42.18059,-83.764625,11
49221,42.116874,-83.842991,1
49221,42.188608,-83.682323,25
49221,42.214891,-83.683392,36
49221,42.237899,-83.764273,61
49221,42.186047,-83.72863,6
49221,42.20957,-83.713101,12
49221,42.254236,-83.674336,151
49221,42.2345,-83.673925,132
49221,42.234712,-83.611981,28
49221,42.231335,-83.626555,35
49221,42.242866,-83.632233,26
49221,42.242162,-83.617616,135
49221,42.237359,-83.58935,9
49221,42.248075,-83.590306,57
49221,42.257754,-83.57572,10
49221,42.268999,-83.573375,14
49267,42.239652,-83.576749,1
49267,42.250904,-83.569869,1
49267,42.227135,-83.588976,74
49267,42.220921,-83.566462,126
49221,42.251458,-83.65396,235
49221,42.234836,-83.647333,68
49221,42.18785,-83.624035,3
49221,42.214296,-83.62668,1
49267,42.188828,-83.574655,14
49267,42.21014,-83.565261,16
49221,42.154828,-83.710694,1
49267,42.33843,-83.046068,21
49267,42.333769,-83.058864,58
49267,42.327448,-83.048809,122
49267,42.330148,-83.036235,70
49267,42.333446,-83.050683,210
49267,42.336683,-83.054421,29
48507,42.395816,-83.098956,55
48507,42.409291,-83.108352,88
48507,42.400813,-83.084881,3
48507,42.411733,-83.093359,21
48507,42.429606,-83.122562,130
48507,42.429671,-83.136477,6
48507,42.437195,-83.112774,35
48507,42.425266,-83.099673,13
48507,42.400738,-83.130839,34
48507,42.410309,-83.128181,91
48507,42.371244,-83.136281,40
48507,42.384441,-83.136549,140
48507,42.394976,-83.120706,88
48507,42.385606,-83.11582,92
48507,42.385803,-83.0976,16
48507,42.381435,-83.101676,1
48507,42.383661,-83.087786,4
48507,42.390067,-83.077592,41
48507,42.365199,-83.108757,19
48507,42.368029,-83.099635,40
48507,42.373606,-83.080877,170
48507,42.375004,-83.092317,13
48507,42.368836,-83.088598,45
48507,42.378094,-83.070507,31
48507,42.380694,-83.060095,10
49267,42.352233,-83.082401,23
49267,42.358115,-83.09162,87
49267,42.346607,-83.075277,139
49267,42.357214,-83.069938,88
48507,42.36496,-83.075096,15
48507,42.369302,-83.065272,59
48507,42.362499,-83.061371,87
49267,42.328902,-83.127034,43
49267,42.325974,-83.143009,8
49267,42.339667,-83.135847,12
49267,42.331568,-83.090782,3
49267,42.341745,-83.09978,10
49267,42.343567,-83.087772,4
49267,42.336716,-83.076509,14
49267,42.345757,-83.050586,62
49267,42.341166,-83.060676,107
49267,42.353789,-83.05797,109
49267,42.354984,-83.052583,52
49267,42.349027,-83.065081,239
49267,42.300335,-83.135112,30
49267,42.307589,-83.113914,13
49267,42.306541,-83.125839,29
49267,42.271974,-83.154874,36
49267,42.288348,-83.152745,2
49267,42.326005,-83.101432,24
49267,42.312572,-83.127778,29
49267,42.318991,-83.121144,11
49267,42.300251,-83.10852,19
49267,42.314433,-83.10424,12
49267,42.318496,-83.094156,68
49267,42.321433,-83.078394,30
49267,42.328297,-83.06788,20
48507,42.371858,-83.160629,23
48507,42.380058,-83.156124,12
48507,42.429674,-83.26467,83
48507,42.427041,-83.279844,57
48507,42.436416,-83.248844,21
48507,42.422148,-83.248276,30
48507,42.42251,-83.228943,2
48507,42.423004,-83.209276,19
48507,42.437406,-83.209837,8
48507,42.430043,-83.193,29
48507,42.438363,-83.187788,3
48507,42.425219,-83.174662,2
48507,42.4383,-83.17587,24
48507,42.41982,-83.187431,8
48507,42.409281,-83.174678,16
48507,42.412713,-83.189402,14
48507,42.40567,-83.190739,20
48507,42.438495,-83.166103,8
48507,42.438733,-83.151475,19
48507,42.421912,-83.164282,18
48507,42.413441,-83.150421,32
48507,42.427867,-83.151089,7
48507,42.420684,-83.150763,39
48507,42.40869,-83.274975,29
48507,42.407307,-83.261974,19
48507,42.392935,-83.268504,40
48507,42.381827,-83.251953,18
48507,42.408161,-83.248585,8
48507,42.392014,-83.247731,7
48507,42.408536,-83.208752,33
48507,42.407664,-83.229562,11
48507,42.394094,-83.208162,43
48507,42.394599,-83.227417,5
48507,42.401172,-83.156425,10
48507,42.407701,-83.154661,24
48507,42.382888,-83.207727,12
48507,42.382373,-83.226812,2
48507,42.374697,-83.175386,17
48507,42.389336,-83.165442,3
48507,42.384919,-83.191855,4
48507,42.368918,-83.244133,18
48507,42.374661,-83.190856,6
48507,42.370643,-83.207083,9
49267,42.357954,-83.206656,46
48507,42.373828,-83.225068,4
48507,42.364194,-83.227272,41
49267,42.358339,-83.187226,29
48507,42.36033,-83.165564,29
49267,42.345261,-83.203891,28
49267,42.336723,-83.225785,8
49267,42.350507,-83.225947,6
48507,42.395239,-83.013531,24
48507,42.383717,-83.01521,16
48507,42.389718,-83.050059,24
48507,42.40232,-83.063775,58
48507,42.399403,-83.051657,40
48507,42.394697,-83.063236,21
48507,42.441339,-83.092017,22
48507,42.425479,-83.080486,8
48507,42.429695,-83.062194,8
48507,42.443851,-83.06764,15
48507,42.436835,-83.064607,3
48507,42.442187,-83.026061,45
48507,42.427224,-83.029806,9
48507,42.442017,-82.99598,6
48507,42.430266,-83.00922,15
48507,42.44324,-82.978809,4
48507,42.444386,-82.950742,5
48507,42.441929,-82.964661,1
48507,42.429285,-82.993681,12
48507,42.428087,-82.970107,11
48507,42.427587,-82.942401,7
48507,42.420742,-82.949232,23
48507,42.408852,-83.069096,1
48507,42.414911,-83.076304,10
48507,42.408943,-83.030941,2
48507,42.395508,-83.03989,16
48507,42.419356,-83.051161,6
48507,42.416544,-82.997992,40
48507,42.412749,-82.972155,16
48507,42.404448,-82.988743,19
48507,42.412254,-82.956923,11
48507,42.403316,-82.950427,8
48507,42.402085,-82.92483,11
48507,42.415969,-82.923964,10
48507,42.394917,-82.941602,12
48507,42.407817,-82.937421,2
48507,42.396706,-82.96815,24
48507,42.388204,-82.99491,16
48507,42.359702,-83.037237,6
49267,42.352564,-83.043475,63
48507,42.359771,-83.020795,22
48507,42.371808,-83.030018,22
48507,42.362163,-82.998101,50
48507,42.375636,-83.007174,38
48507,42.373737,-82.985219,72
48507,42.379522,-82.94924,20
48507,42.390887,-82.956071,13
49267,42.338467,-83.017553,171
49267,42.341545,-83.032343,362
49267,42.347125,-83.020146,96
49267,42.351903,-83.005651,248
49267,42.354929,-82.984936,226
48507,42.402041,-82.900199,5
48507,42.445403,-82.929349,26
48507,42.426839,-82.921116,15
48507,42.441545,-82.915369,4
48507,42.435653,-82.935657,2
48507,42.445967,-82.894005,8
48507,42.432079,-82.912485,4
48507,42.431612,-82.896955,12
48507,42.447998,-82.876106,14
48507,42.372093,-82.926745,20
48507,42.381967,-82.92788,36
49267,42.360658,-83.39143,4
48507,42.378696,-83.387256,12
48507,42.371625,-83.387126,3
49267,42.361399,-83.421053,20
48507,42.418438,-83.394168,8
48507,42.432846,-83.394723,19
48507,42.417924,-83.418996,28
48507,42.417774,-83.428483,7
48507,42.421564,-83.33926,20
48507,42.434123,-83.348706,57
48507,42.389349,-83.416372,2
48507,42.389553,-83.387937,11
48507,42.404681,-83.364152,3
48507,42.390485,-83.339658,15
48507,42.406141,-83.330506,13
49267,42.360717,-83.343102,1
48507,42.363641,-83.322784,1
48507,42.406942,-83.450602,27
48507,42.414632,-83.531076,14
48507,42.428224,-83.452888,53
48507,42.402679,-83.489168,4
48507,42.364424,-83.47,32
48507,42.375987,-83.466835,64
48507,42.366247,-83.495139,4
49221,42.364157,-83.526736,7
48507,42.386458,-83.453357,47
48507,42.388865,-83.49528,5
49267,42.355642,-83.464364,14
48507,42.36281,-83.442458,33
48507,42.404918,-83.30446,1
48507,42.407584,-83.289395,5
48507,42.432252,-83.30681,1
48507,42.439062,-83.299573,5
48507,42.420806,-83.306328,7
48507,42.421288,-83.291885,6
48507,42.390163,-83.291504,4
48507,42.396442,-83.295596,8
48507,42.367425,-83.285209,14
48507,42.367758,-83.270974,2
49267,42.330208,-83.405309,111
49267,42.341769,-83.373745,97
49267,42.342641,-83.419746,119
49267,42.321446,-83.382064,30
49267,42.316741,-83.408695,62
49267,42.345443,-83.398087,259
49267,42.34953,-83.3232,27
49267,42.345824,-83.342085,38
49267,42.349165,-83.360703,22
49267,42.298157,-83.414659,2
49267,42.302835,-83.382621,1
49267,42.292,-83.388475,41
49267,42.303839,-83.368834,9
49267,42.292024,-83.357277,22
49267,42.27396,-83.332777,11
49267,42.303522,-83.351896,38
49267,42.336482,-83.435922,120
49267,42.319276,-83.4624,50
49267,42.344281,-83.454518,48
49267,42.329428,-83.478537,3
49267,42.329569,-83.456854,26
49267,42.312601,-83.47103,56
49267,42.344011,-83.479043,17
49267,42.308528,-83.435757,35
49267,42.278972,-83.45678,27
49221,42.335372,-83.527285,9
49267,42.270375,-83.515594,22
49267,42.301105,-83.453765,48
49267,42.300334,-83.475581,6
49267,42.308079,-83.526143,25
49267,42.286332,-83.515835,15
49267,42.307932,-83.496736,4
49267,42.332248,-83.35792,12
49267,42.219777,-83.249353,24
49267,42.333083,-83.321534,11
49267,42.318658,-83.320939,6
49267,42.271121,-83.399215,44
49267,42.281398,-83.405234,19
49267,42.274482,-83.36246,63
49267,42.285072,-83.365598,42
49267,42.281881,-83.323376,20
49267,42.298843,-83.334718,22
49267,42.302199,-83.300811,27
49267,42.284151,-83.299574,12
49267,42.289482,-83.261481,8
49267,42.30589,-83.267589,7
49267,42.31631,-83.221557,77
49267,42.301586,-83.251177,76
49267,42.324152,-83.186802,47
49267,42.322475,-83.170727,43
49267,42.316387,-83.205241,5
49267,42.33363,-83.186727,6
49267,42.333194,-83.20554,2
49267,42.325434,-83.205637,39
49267,42.317034,-83.184069,24
49267,42.348005,-83.162486,21
49267,42.337612,-83.164678,28
49267,42.304346,-83.189198,59
49267,42.349285,-83.269444,13
49267,42.352254,-83.28338,1
49267,42.334001,-83.282583,1
49267,42.347157,-83.296891,25
49267,42.336554,-83.247979,30
49267,42.332954,-83.266006,21
49267,42.333605,-83.302122,17
49267,42.319175,-83.29896,37
49267,42.303326,-83.288376,29
49267,42.275635,-83.260607,3
49267,42.274059,-83.28713,1
49267,42.226711,-83.401914,37
49267,42.251297,-83.406887,15
49267,42.247894,-83.368102,16
49267,42.253447,-83.327953,2
49267,42.18748,-83.346393,5
49267,42.241096,-83.515066,11
49267,42.227525,-83.454433,122
49267,42.250374,-83.435746,41
49267,42.211681,-83.51676,65
49267,42.19817,-83.45248,3
49267,42.20537,-83.4866,116
49267,42.196931,-83.479671,3
49267,42.131895,-83.451476,1
49267,42.225818,-83.288466,49
49267,42.234293,-83.249931,67
49267,42.250231,-83.286184,14
49267,42.262013,-83.294993,2
49267,42.249124,-83.259457,1
49267,42.201381,-83.25814,7
49267,42.195111,-83.273396,15
49267,42.20143,-83.239455,33
49267,42.196471,-83.296896,65
49267,42.260015,-83.18151,16
49267,42.246378,-83.190901,11
49267,42.240818,-83.169217,13
49267,42.25227,-83.166357,46
49267,42.224821,-83.190856,22
49267,42.23397,-83.190624,2
49267,42.284282,-83.181129,67
49267,42.273752,-83.1737,11
49267,42.251982,-83.135342,14
49267,42.24934,-83.153028,21
49267,42.273483,-83.214641,5
49267,42.265848,-83.202989,7
49267,42.251079,-83.208521,9
49267,42.25741,-83.225179,3
49267,42.206177,-83.211165,36
49267,42.219919,-83.213816,51
49267,42.191624,-83.218721,68
49267,42.191747,-83.20086,3
49267,42.19235,-83.186331,63
49267,42.220621,-83.14931,5
49267,42.218478,-83.168342,3
49267,42.228664,-83.159279,15
49267,42.207062,-83.170482,16
49267,42.19276,-83.172422,14
49267,42.144349,-83.197963,34
49267,42.135357,-83.211269,23
49267,42.124799,-83.19051,11
49267,42.161127,-83.179989,40
49267,42.114569,-83.158296,20
49267,42.159337,-83.150805,1
49267,42.160932,-83.408008,4
49267,42.133165,-83.335924,1
49267,42.16281,-83.203282,47
49267,42.178392,-83.174456,12
49267,42.177339,-83.203707,54
49267,42.133561,-83.246058,36
49267,42.130067,-83.226476,38
49267,42.132958,-83.264642,37
49267,42.170643,-83.274004,29
49267,42.171258,-83.229176,11
49267,42.132744,-83.289339,16
49267,42.097432,-83.215909,29
49267,42.065097,-83.219,1
49267,42.094267,-83.192821,8
49267,42.103663,-83.267627,24
49267,42.087487,-83.264045,27
49601,44.256625,-85.387741,1
49601,44.261227,-85.410235,12
49601,44.260309,-85.400537,3
49601,44.246773,-85.432772,1
49601,44.233007,-85.429739,20
49601,44.240942,-85.405943,12
49601,44.234291,-85.452768,1
49601,44.405578,-85.403208,2
49601,44.383177,-85.426793,3
49601,44.299195,-85.364702,1
49601,44.274049,-85.433841,6
49601,44.198025,-85.426732,23
49267,41.708036,-83.666898,3
